customer_id,first_name,last_name,email
4fc2a5e7-859c-494f-9f82-9ef3da9c6265,Lew,Jagiela,ljagiela0@comsenz.com
e649dc5e-5570-43f6-837c-89379800179f,Karin,De Ruggiero,kderuggiero1@linkedin.com
a20afabf-86af-4070-9c7c-4b4643202013,Georgena,Gapp,ggapp2@ed.gov
12d17b18-f009-49fd-a887-eaab9cd60274,Enrika,Thripp,ethripp3@newsvine.com
d9a14dd2-0000-4227-bf30-6907efb4caa7,Edin,Seyler,eseyler4@geocities.jp
2c082499-1c7f-4539-9988-eaf7dc80b9fe,Claudianus,Blurton,cblurton5@sogou.com
44a1ddc8-8ab4-490a-bfc2-7a860ad83d88,Fayette,Mitcham,fmitcham24@guardian.co.uk
b3784afa-2e26-48b9-aa89-231569eb4989,Janine,Puckham,jpuckham6@vimeo.com
d330efd6-fbeb-46b5-80da-77848229cfca,Mattheus,Featonby,mfeatonby7@nba.com
790b5b32-7455-4fb2-b8c9-2e6b2ba744e7,Reina,Eskriet,reskriet8@ning.com
c138e361-534f-498c-a4c9-77f29e3f6b50,Waiter,Dreakin,wdreakin25@goo.gl
2177c886-4e62-4745-a470-0f690e75518d,Bat,Jenteau,bjenteau9@google.com
d158c0ce-ecb0-45e7-99a9-cd23ab17a990,Craggy,Ogborne,cogborne26@java.com
aaaf7a2d-ab4c-4265-a6aa-e3ee17567689,Giulietta,Hoofe,ghoofea@bloglovin.com
8e499695-504e-4cd9-b568-99d7bbc62d53,Jaime,Legate,jlegate27@cisco.com
ef4888ae-c5b1-4df7-b00e-145161a1aa85,Jake,Sephton,jsephtonb@time.com
3d16b230-de06-4af3-8296-0d64935b2532,Renault,Hurne,rhurne28@wikia.com
48a3ef45-3b41-4d21-ae9d-327edb629cb9,Kendrick,Farrand,kfarrandc@mayoclinic.com
3db71dcc-b81a-4ea1-893a-9598025d1cf1,Vale,Haysom,vhaysom29@blinklist.com
0404529a-66d3-4c3c-b061-866eddef1a91,Waverly,Friar,wfriard@hibu.com
e201596b-2362-4acd-b993-9c9e60fa5b2f,Ardine,Keuneke,akeuneke2a@irs.gov
2c0b699d-8efa-4d9d-99c2-f2e08aba5ffb,Monro,Canet,mcanete@answers.com
cb524abe-700d-4e7c-8a1c-0e90497a9102,Carole,Vasse,cvasse2b@si.edu
170849f9-b22f-4ebc-8c31-7ce7a7091394,Cordey,Kinge,ckingef@newyorker.com
c38fa09b-1668-456f-ad18-9143f6540f6b,Pepillo,Greatbank,pgreatbank2c@aol.com
0a70c4a7-0824-45c2-97fa-2002aeba236e,Ottilie,Stevani,ostevanig@skype.com
fc35ec4d-00e9-48a6-85e9-2dfba75a117d,Melamie,Parton,mparton2d@jiathis.com
1b1d7e50-c9dc-466b-bda6-a3f27b0a47dc,Chrissy,Larive,clariveh@archive.org
ef48d074-1b7f-499f-a731-fd245d329114,Woodie,Laborda,wlaborda2e@wp.com
19146daf-7cb3-4c92-8dcf-37a8d92d16aa,Madelena,Lambal,mlambali@tiny.cc
eee31dca-03ce-42ce-9a08-9fbed62ef818,Adi,Rowaszkiewicz,arowaszkiewicz2f@amazon.co.jp
c88fa22f-b2db-41d0-907b-ddcaa9273929,Willy,Sibery,wsiberyj@altervista.org
ea8a09de-480c-45d8-b1ee-980c3d3d77cc,Sunny,Varga,svargak@php.net
fbbd2a13-714e-450b-875c-4ddf21a7a84f,Chrystel,Conen,cconen2g@reverbnation.com
d5ec7a73-801f-41d7-b0aa-a268342108a7,Pascale,Olesen,polesenl@w3.org
627db476-ae54-4181-abea-fe15d7cc8810,Demetri,Berrane,dberrane2h@hibu.com
a5ac169a-07e6-4e18-b487-e17062a5f2a4,Georgianna,Dives,gdivesm@tiny.cc
ec75a2b5-b348-4da6-b6ac-900176520b1a,Liv,Broomer,lbroomer2i@mail.ru
4a7bb5b9-b4d8-444f-a607-4636818908cf,Hardy,Vinter,hvinter2j@prweb.com
0ff4953b-04ed-41c6-a49a-a198f53288fc,Jammal,Samwell,jsamwelln@storify.com
6257cab0-038e-45dd-87d9-f010034f6122,Fonz,Jerger,fjerger2k@ox.ac.uk
4252db95-618a-4a57-acc9-e0478ea7a806,Sutherlan,Hurich,shuricho@mozilla.org
15f4283e-8e81-48b8-bad6-414ceb014f02,Leonore,Leopard,lleopard2l@pen.io
eaf838f3-a4de-47db-8c2f-364d3c39849a,Romeo,Godthaab,rgodthaabp@delicious.com
756c8c3f-c3ed-4602-8ff9-7392792abaeb,Ethelbert,Unwins,eunwins2m@soundcloud.com
c9ca977e-d153-443d-bc51-5fe21578657d,Jerome,Davis,jdavisq@china.com.cn
d0480bf0-5037-4576-a17b-66ac1f648fe1,Feliks,Brash,fbrash2n@cafepress.com
45b0ab6f-0d94-457e-bd0b-7a302a720715,Reid,Stovine,rstoviner@furl.net
634513dd-5fb7-4119-8af0-2fbe302ae8f3,Tamma,O'Callaghan,tocallaghan2o@ocn.ne.jp
50f9b1a6-03cb-4e5b-b796-4a2a3f752412,Violetta,Attride,vattrides@samsung.com
2d9ef04c-6abd-4499-bbee-ea1d6e888eb0,Dulciana,Gargett,dgargett2p@ask.com
d45ff140-809f-47d8-aa64-155da8e8ec0c,Roosevelt,Allebone,rallebonet@ibm.com
d31577f9-ffb0-424a-8c5c-942e022a21ff,Gregoire,Branton,gbranton2q@youku.com
dee07297-1713-44c7-9e23-7bf42f22eb55,Haskell,Yushachkov,hyushachkovu@springer.com
763410b2-443a-462c-915b-c55cd16fa9bf,Novelia,Jancic,njancic2r@cnbc.com
54308dc2-865c-4095-a994-b1addd415213,Daron,Montel,dmontelv@ycombinator.com
80bb9e05-1b9d-4ebf-8390-7cbee66ced78,Sigismond,Endecott,sendecott2s@wiley.com
9e39c140-6550-431c-8506-9c0bdf86e6e2,Brena,Giral,bgiralw@jigsy.com
85971ac1-3864-437d-91f7-7e34ae3ee9f7,Hallie,Tarbet,htarbet2t@jiathis.com
8fa48256-fdf5-421b-917e-ed9e0fb140b6,Michelle,Bodimeade,mbodimeadex@photobucket.com
9b8aa6d9-ee0e-454a-a1a8-0a9ff8d798ed,Dorry,Chawkley,dchawkley2u@gizmodo.com
70bfe24e-8d0b-451e-9811-b3c6feb0acfd,Carline,Worsell,cworselly@blogtalkradio.com
6dc7519d-0cda-44c3-83b9-52d9332fefa2,Jayme,Dye,jdye2v@shinystat.com
fbd59e40-77b4-4403-ac88-2de1576b0fc5,Lelia,Brou,lbrouz@bbb.org
483d9de5-0e45-4ace-b7d9-4a0adc249d79,Giacinta,Judgkins,gjudgkins2w@bigcartel.com
731a334f-2532-4a6e-a750-3bceb60d9b01,Michael,Halgarth,mhalgarth10@plala.or.jp
66394ac3-cbeb-44b1-8933-8df224d91817,Ofelia,Pauleit,opauleit2x@elpais.com
1e915ee3-a85b-49c0-a64a-8fedfa4596e7,Adi,Hamsson,ahamsson11@salon.com
1583c8c5-5029-4c7a-855c-b9e91bf2b913,Oralie,Sweeting,osweeting12@vistaprint.com
9ecdef2c-effe-4eb8-985f-de185b65c3ec,Ardene,Fealey,afealey2y@hatena.ne.jp
35cfb0be-4d0f-4469-bf00-faa4b7afd122,Idette,Poizer,ipoizer13@latimes.com
af85b409-9b10-4313-a566-a196d91d9021,Nanete,Ply,nply2z@arstechnica.com
fd05f02c-89d6-4278-bc74-48aeeaf4cf23,Koral,Gainsburgh,kgainsburgh14@dailymotion.com
fd581e85-6935-4988-b4ef-5c62c3932709,Gaile,Herity,gherity30@jigsy.com
997cc51a-556a-403d-b92d-79eda968253d,Savina,Crush,scrush15@twitpic.com
bcc41d75-2c5b-4015-a060-62021bd375b2,Galven,Gaylor,ggaylor31@slashdot.org
0eea8264-ce61-4cf5-85ba-cf8ba16ab54a,Rogerio,Arnull,rarnull16@people.com.cn
fe29f46f-3dab-444a-80aa-859d4991b436,Tris,Tall,ttall32@indiatimes.com
37b91129-8ba1-4622-a267-f879a8322cb5,Melva,Munden,mmunden17@utexas.edu
760ee222-30fa-40de-a088-5c16be30fba0,Maury,Gillison,mgillison33@bloglines.com
34604751-18f5-4b2d-b410-ee2f71d71ff2,Ashlee,Fitkin,afitkin18@netlog.com
9199e26d-b263-407f-be56-4bd40c2c20f1,Wade,Nare,wnare34@4shared.com
cc7abd55-6e0d-4c35-878d-1d1b5d8886e5,Trudey,Topping,ttopping19@bloglines.com
53b6ddda-8405-4e80-a2dd-4ea65bbcec85,Kellyann,Feathersby,kfeathersby35@gnu.org
2e219b95-dd68-4344-bcaa-3145990a29b9,Euphemia,Pople,epople1a@constantcontact.com
76a29f95-9201-4ff1-81db-8b94d19e085d,Vivien,Arnould,varnould36@amazon.co.jp
910d9259-ffad-4985-88d5-4d193918f2ea,Zachery,Bromell,zbromell1b@mayoclinic.com
0e556963-983a-4566-9379-30fa99eda1a0,Sydney,Nealy,snealy37@howstuffworks.com
7041251a-2584-4c88-912e-b596f7eaa8eb,Baily,Blethyn,bblethyn1c@cnbc.com
680e0f63-4a36-44bb-b4b6-66c2817b2fdf,Xavier,Taylot,xtaylot38@facebook.com
a8d58eee-e21d-497b-b24d-a99919b642a9,Madelon,Surgeon,msurgeon1d@economist.com
dc507430-e2f2-453b-bbe5-39b0ea91b3a1,Lock,Port,lport39@netlog.com
5884f5b4-ba6d-4920-997e-cc3666e10291,Roy,Sumner,rsumner1e@ning.com
e2ff32b3-6eba-4bce-adad-bd2454992bac,Waring,Downing,wdowning3a@usnews.com
6950f995-b5fb-4181-a848-9e359b3169b1,Guthry,Rosentholer,grosentholer1f@mtv.com
beba0d29-64e5-47c8-84db-5a3e363444d5,Maisie,Edworthy,medworthy3b@bing.com
30c9188f-0060-40c3-88c7-b6754b383272,Hunfredo,Stanford,hstanford1g@blog.com
3ff5aa1b-cc40-4472-be6f-9f758d212fbf,Charlena,Portt,cportt3c@hao123.com
d57aaddf-637b-4941-9d02-a5d2c1ba2164,Carri,Olyfat,colyfat1h@goo.gl
fbdec20e-e19a-427f-a6b7-21aec8ed6122,Astra,Wilcot,awilcot3d@themeforest.net
6a633c36-7da6-4c0d-bd9f-becb125dfe51,Louella,Sherington,lsherington1i@discuz.net
d855fcd3-321c-4439-8f2f-8bc235515874,Sim,Troy,stroy3e@nhs.uk
a3be2de7-9223-49b5-8451-e6a7b186b38c,Nikki,Sherwin,nsherwin1j@opensource.org
a0a01c1f-f21f-48ff-8732-6bab9d58517f,Vere,Wheatley,vwheatley3f@unicef.org
edc4371c-1f75-40b1-8a0e-bdc118dbda9e,Adda,Addicote,aaddicote3g@craigslist.org
3a9caba4-84f6-4428-8d05-100ebc7d2feb,Sherry,McGloughlin,smcgloughlin1k@goo.ne.jp
52f77564-6414-4c45-a8ea-a944d3c70164,Nataniel,Hopkynson,nhopkynson3h@zdnet.com
8af664bf-16c0-4637-98ec-e646febae8e6,Asher,Stebbings,astebbings1l@washingtonpost.com
ae7502fb-59d6-4f9d-82d8-8ce65d299e8a,Shaylynn,Luddy,sluddy3i@forbes.com
4bb966f3-5eac-477e-9097-e43a455bebde,Lianne,Sinnett,lsinnett1m@harvard.edu
c27011de-48bb-4059-8fd8-9a7ef1bbbd19,Mariette,McShirrie,mmcshirrie3j@instagram.com
728f853a-244d-406d-91d5-eefc0dcc5d36,Sebastian,Hefforde,shefforde1n@opera.com
bad67bb7-04a4-4a7d-9847-41639eec8114,Mariya,Stenning,mstenning3k@dedecms.com
f939664e-70aa-444c-993d-0e365c027217,Kenneth,Dingate,kdingate1o@macromedia.com
e6cfc187-eba7-49ff-8d2a-fb169f774ae5,Sheilah,Endean,sendean3l@xing.com
123ff6d5-f45b-4e1f-8546-711ee7e14bc4,Andy,Duckels,aduckels1p@columbia.edu
c5d84ccb-e341-427e-baf9-ff482708c049,Norry,Tiery,ntiery3m@java.com
136a81a2-86b0-45e9-9f20-1e1b3bb1000e,Chane,Guyver,cguyver1q@walmart.com
ba3a890e-ab15-4500-b800-e599f4f52240,Diann,Gange,dgange3n@1688.com
be6c2b23-c486-4156-9ed2-78c407a1b538,Kalina,Hauch,khauch1r@geocities.jp
f8887485-af83-4b01-8a7b-bb3fa92e15a2,Duffy,Cathersides,dcathersides3o@ning.com
8f8ad772-cb24-4d83-a742-0002d888f7f7,Joana,Crush,jcrush1s@theguardian.com
d58fb507-3468-443e-be78-e594c23b7a97,Joelynn,Rohan,jrohan3p@yelp.com
49bee247-ea74-4326-8872-f722849459d7,Klara,Ditter,kditter1t@webs.com
703f4c53-8c3f-45b5-bc04-d93297657ef3,Barnie,Ivermee,bivermee3q@pcworld.com
b6db544c-b595-4e3d-b73c-0216e81670e1,Juliane,Janak,jjanak1u@amazon.de
df01f637-9de1-4d8b-aa2b-d9f23d0ab417,Gena,Liell,gliell3r@noaa.gov
0b5034e3-c8cc-4e69-9a04-0bd78ef45932,Audra,Monaghan,amonaghan1v@bbb.org
9860e535-1471-4beb-b06e-c5d588ec6005,Gery,Pandey,gpandey3s@gnu.org
1904b251-f08d-4d8a-8099-4a5b706456c8,Hortensia,Labon,hlabon1w@cnet.com
2aadd8b8-c308-4049-919f-07b95987b8ac,Lurette,Milnthorpe,lmilnthorpe3t@blogspot.com
9a01ba7a-9572-4f0a-9dae-830653c26d91,Donielle,Greenan,dgreenan1x@drupal.org
b3b54c1b-f2dc-4ee2-b87b-ba8b69d10be4,Eba,Pardew,epardew3u@si.edu
45eb2003-e0c9-4930-9f38-2a382d1c7426,Calli,Bowen,cbowen3v@github.com
d19485de-ab64-49c2-921b-02acd48bfe16,Kathie,McCulley,kmcculley3w@gizmodo.com
208adf47-8f52-4888-99d3-a36bb06e8527,Wanda,Fer,wfer3x@mapy.cz
a2d41130-654f-43a6-a367-917945a21a29,Onida,Tuppeny,otuppeny3y@exblog.jp
9b741958-6bbd-45aa-847c-56f4f2ff8713,Bobinette,Sudlow,bsudlow3z@paypal.com
daf83bcf-93fa-4484-b895-ae61f06c464a,Findley,Waddilove,fwaddilove1y@newsvine.com
dc4fea6c-2caa-4fc1-97fe-963ff12a5eb0,Denney,Coleshill,dcoleshill40@furl.net
cf39eaab-2c2d-4577-a9fc-36fdcb362628,Farrell,Cleeton,fcleeton41@independent.co.uk
1e3f7bd9-844e-444c-8a8c-1f264d450ef9,Mischa,Pau,mpau1z@csmonitor.com
46a115ec-de99-48ce-aa79-5f24c6134370,Sibyl,Farryn,sfarryn42@yellowbook.com
300d321e-11e9-4986-95c1-689f5d2c2672,Brade,Curton,bcurton20@clickbank.net
6d11671d-1ae3-410a-b01e-217efd2709c8,Kennedy,Thebe,kthebe21@cbc.ca
43f2f178-e481-48e4-a43e-c9425814d4a2,Salem,Cartan,scartan43@discuz.net
e15a3fb7-e41b-4174-8ec2-34f466f91eb9,Emmott,Rymer,erymer22@reuters.com
e5cf6dfe-3d7a-4a80-a77a-b03cf015a26e,Mel,Friar,mfriar44@spiegel.de
2fbd0459-de50-4f3d-8668-30e2a547db04,Shannen,Derwin,sderwin23@tmall.com
eed98e90-28ad-4e35-9066-40b05c685a53,Evin,Hindmoor,ehindmoor45@tinyurl.com
e42cb8c7-6d47-4669-b82b-bf1fced59cde,Morgan,Kenington,mkenington46@msu.edu
e0f759cb-391d-409f-bf2f-900fb2186095,Kacey,Jerrom,kjerrom47@webeden.co.uk
142d6e89-f823-4dac-bc0d-21f163bc2bac,Klarika,Beedham,kbeedham48@mac.com
238cd050-a155-455e-a9e1-683ef1dd6b94,Isabelle,Kidstone,ikidstone49@blogger.com
c5eb39ae-be84-461c-8f09-b0de044f1ab0,Jarvis,Zanni,jzanni4a@unicef.org
9ecf6543-8a87-4375-9e2b-0c48bab438ce,Fidelity,Foottit,ffoottit4b@icio.us
c5b37d7b-18bf-469f-84d7-047e94a16bc3,Vanya,Goodwyn,vgoodwyn4c@topsy.com
337b0783-2e30-4b7f-8231-8cf6b3cbe2fc,Ania,Eates,aeates6c@csmonitor.com
3a2fadbc-da74-4ea8-b866-cacad6b0a8c4,Trish,Beeke,tbeeke4d@japanpost.jp
ca58d21b-c982-48ae-aa83-24b384e9194f,Ingar,Zwicker,izwicker6d@oracle.com
4697679b-d3ec-42ee-8559-1ad1daa94c86,Carlin,Trewett,ctrewett4e@hugedomains.com
9c4adf4e-f651-4c83-8245-339663edd2d6,Leesa,Bow,lbow6e@toplist.cz
9c9d8c69-377f-441e-9aa7-694cf085cc59,Cord,Wolfit,cwolfit4f@harvard.edu
0baa2a89-69d1-47b1-8116-a14a1a8a4949,Zaneta,Swalowe,zswalowe6f@about.me
bbdc4fe5-70eb-46c6-8de3-c8001d24fac0,Celestia,Ratlee,cratlee4g@facebook.com
0dcd1bec-7862-41e9-88f1-f5d91b141a96,Abdel,Dungey,adungey6g@reference.com
2df7f89e-4181-418e-aa4c-3b8a263e8a94,Janet,Keeney,jkeeney6h@gmpg.org
871241d8-28cb-4878-906a-eb99af000d60,Polly,Deschelle,pdeschelle4h@bravesites.com
56af76cb-f869-46c8-8ff0-6e20aed66b7b,Delano,Mueller,dmueller6i@fema.gov
aa503245-8c43-45d6-8657-cd87d0e38647,Rene,Restorick,rrestorick4i@google.es
6ae65f74-e56b-492e-9813-eaf0902e6c98,Dawna,Denver,ddenver6j@nhs.uk
2c70a560-f2c5-4380-99f5-b0dd33544934,Christophe,Pickwell,cpickwell4j@va.gov
b5884333-1e75-4c3e-b469-127a7102117a,Damon,Bould,dbould6k@mozilla.com
15a28265-0688-4ead-8125-2d832e1b005a,Aurelia,Bickford,abickford4k@cisco.com
7f584175-6651-4391-9f09-0c2153705723,Lamar,Pecey,lpecey6l@vimeo.com
a5b023eb-66ef-4922-97ef-f5de631252a6,Marinna,Weatherill,mweatherill4l@fda.gov
a4a38bfb-5daf-43b3-be0f-0760b5076c69,Jae,Collopy,jcollopy6m@scribd.com
a21be766-f562-4e43-8012-4b1305478b7d,Carree,Jennins,cjennins4m@furl.net
5951b46d-02b8-46c8-92d4-b53355c4e51d,Kirsti,McKinie,kmckinie6n@freewebs.com
22cc7d65-23d7-4013-99f1-7bab6b7835b1,Vaclav,Reeks,vreeks4n@canalblog.com
45dad40e-f893-4849-b12c-f97f0f96f114,Hoebart,Chesterfield,hchesterfield6o@amazon.com
d2a5b6c7-800b-4ec0-b170-d038f767c54f,Paolina,Dunkinson,pdunkinson4o@guardian.co.uk
6c87f0d0-c5be-4095-9eb3-db331be26090,Brittaney,Ottewell,bottewell6p@multiply.com
b13b02fd-0847-4120-b877-3ea12abbc617,Pacorro,Cristofor,pcristofor4p@google.ca
63a65ae9-b09d-4755-ba36-1d170a90a615,Alecia,Kirsz,akirsz6q@wufoo.com
894f286f-8a28-4d14-8351-7ae9b1c471b2,Ilyssa,Norcott,inorcott4q@netlog.com
5adad4df-60b4-489d-b0bb-27ab5876011e,Andrea,MacClancey,amacclancey6r@storify.com
5a14fbe7-ccbc-433e-985d-af462d982823,Lauren,Sidsaff,lsidsaff4r@ted.com
c227de5d-bda5-4d7b-bbbe-5c7f1d110141,Andriette,Gelly,agelly6s@whitehouse.gov
84fdad0d-0835-40a0-ac3f-ded127305848,Sashenka,Habgood,shabgood4s@instagram.com
374cbadd-15c4-4fad-9988-f1cb6bbad694,Devina,Bergeon,dbergeon6t@networkadvertising.org
8f9cfede-ca14-45f1-ac44-1e4c7a9a0861,Krystalle,Fooks,kfooks4t@nifty.com
7c756b9d-adaf-46df-9289-8549086bcacf,Anetta,Elves,aelves6u@opensource.org
ba9ab7fd-96e2-4eac-9480-469741582c34,Jaquelin,Backshell,jbackshell4u@flickr.com
b7981cc4-af96-473e-943b-ed5333c41703,Waldemar,Tremethack,wtremethack6v@tiny.cc
88ce0a78-8391-4c66-9201-12c720b1af92,Abbie,Pirazzi,apirazzi4v@engadget.com
7afff9e9-4a82-4c6d-81a3-91c1bff57cda,Cami,Charlon,ccharlon6w@archive.org
a9f52526-6ebc-4e8c-843e-2b096e3e13e4,Herby,McClaurie,hmcclaurie4w@example.com
8cfc7353-7e2b-4472-8158-0623ce316a99,Arlana,Terrett,aterrett6x@netvibes.com
1d4c326d-fd56-468a-99b6-f40f2bb71e8d,Giselbert,Amey,gamey4x@newyorker.com
77742605-1403-406d-8cf1-ed7ab4bff939,Wylie,McGiffie,wmcgiffie6y@sbwire.com
0916e3da-8c83-41e5-a417-e7b725484d82,Ax,Washtell,awashtell4y@hibu.com
a599c44f-ae3c-4256-b1b8-529f8d1b5ad3,Kellby,Semken,ksemken6z@cocolog-nifty.com
fe48c05a-5023-484b-be37-8d452f4b459d,Caterina,Yoell,cyoell4z@usatoday.com
64dab2c4-4d87-44ec-8605-9ffafa03ef73,Korie,Skeats,kskeats70@pen.io
e8e1f8d1-8b2a-45da-b0bf-6797eca8f386,Leoine,Thunnercliff,lthunnercliff50@wordpress.org
231024b7-69f2-403d-b2af-0ac912f7248c,Aimee,Dewire,adewire71@geocities.jp
a2445557-713b-40de-8456-17cdc9d8291e,Cori,Glanton,cglanton51@bluehost.com
2ebb5362-8087-4f10-a6eb-a129d372566e,Roxane,Howgego,rhowgego72@sciencedaily.com
70509493-dc5c-4931-91cc-dc2dc4892558,Waldemar,Sexstone,wsexstone52@netscape.com
02d08fc1-1210-42d4-8bf9-45494d0fbb8e,Moshe,Sparey,msparey73@symantec.com
59fd6cbe-0754-4945-a333-754e7111c4ba,Dianne,Nix,dnix53@reference.com
48841061-52f8-43d4-80c7-1da79d91fdfc,Janey,Beyne,jbeyne74@blogtalkradio.com
ce961e8c-a2bc-4d3f-8789-ad9fbddcad8c,Durand,Syrad,dsyrad54@domainmarket.com
8fa58fa7-49bc-4ccd-bbd6-3e4fb51eee0b,Gardner,Orr,gorr75@google.es
28ae3ac4-2ef6-494c-9c76-d389a62a3d2a,Stefanie,McGowing,smcgowing55@prweb.com
7f8b0d79-de4e-4fad-8370-ca41d73e61e1,Arleta,Duer,aduer76@theglobeandmail.com
e769d7fe-4ef2-4a5b-89de-d5da5009c121,Darn,Orrocks,dorrocks56@businessweek.com
e40d64ad-5757-44a1-8d2a-b748b78f349a,Kendricks,Twells,ktwells77@artisteer.com
2108006b-01c9-44d0-b06e-9efa8e48238a,Della,Ettritch,dettritch57@last.fm
5856c3aa-b0db-4d4d-95b3-84c9639d5f7c,Julia,Barber,jbarber78@trellian.com
ca183a20-e89f-401e-9ba8-f30835aff9e3,Lara,Trowbridge,ltrowbridge58@icq.com
659d15c3-6f5c-487b-b49d-6ceb257e0162,Bram,Croall,bcroall79@chronoengine.com
f54bd37f-a7ba-4fe1-ad9b-f1ac776d3158,Clarance,Shoebotham,cshoebotham59@timesonline.co.uk
d35e7d81-eaa7-479b-b075-f39f55631318,Dwain,Mullaly,dmullaly7a@ucoz.ru
2bed420e-e295-4659-9a41-3c2b5918b73c,Tonnie,Antognozzii,tantognozzii5a@gnu.org
4127f8df-395f-418e-b546-22bc43ab8a16,Tiler,Hardway,thardway7b@google.ru
5b7b52eb-849d-40ed-9c7f-c4314f6206ab,Reinaldos,Pensom,rpensom5b@toplist.cz
3d954e31-ae28-46c9-a59e-fd34e8b00a6d,Maude,Cawkwell,mcawkwell7c@epa.gov
f2c2e415-bd40-4e12-a8df-d55b4f1bd407,Ivett,Sisey,isisey5c@epa.gov
1654157e-352a-40bb-a2fb-4cd8ce17c84d,Cariotta,Wilcock,cwilcock7d@google.ru
b0bcb2ca-6bb6-4f6a-a7d5-0e887820b34f,Charline,Caunce,ccaunce5d@shinystat.com
45fba7f8-52de-4649-a04e-01ef0f4701c2,Vickie,Quarlis,vquarlis7e@skyrock.com
98ff5da5-399c-4900-a9c8-bf835e95c6e9,Lane,Tollow,ltollow5e@live.com
7d7e90d1-eb81-484e-b4b6-5668aa3d9079,Sioux,Firbanks,sfirbanks7f@vistaprint.com
5136dc2d-5e29-4aca-bad3-d24357a65f78,Chantal,Gajownik,cgajownik7g@gmpg.org
e38c4662-0d83-42fd-b8f8-325c07133b2a,Torrie,Iacomini,tiacomini5f@java.com
c8f581f7-f47b-4cc2-b54f-10024850596c,Brant,Mackness,bmackness7h@symantec.com
48e48a0d-a152-4ddc-89cc-e3323bbb8df2,Claude,Broinlich,cbroinlich5g@ucsd.edu
d137912b-dca1-4f1a-bd3c-fef54b2950a0,Colene,Dickens,cdickens7i@mozilla.com
cc69ba7f-0507-469c-a719-4108ed8d3844,Andros,Alanbrooke,aalanbrooke5h@domainmarket.com
e5b0793c-bac2-4f28-a7cc-4fe410117c1a,Austin,Spence,aspence7j@mapquest.com
5cacc205-40cf-401e-9aea-169e786c7473,Maris,Costi,mcosti5i@cocolog-nifty.com
b62d4a95-6b9b-4942-a386-7e4f1d7abc27,Gordan,Boffin,gboffin7k@bravesites.com
f5ea2437-bc10-4e88-944c-7f100ec068c1,Dore,Hurler,dhurler5j@cloudflare.com
f6a01473-b18e-4ebb-b7a8-04fecf108c85,Hedwiga,Rolling,hrolling7l@linkedin.com
02e5af61-7d3d-42e2-bdb1-c34a4ab58856,Lauri,Fender,lfender5k@wunderground.com
54a021fb-d8c9-45bd-a237-c45f9fccea2c,Kyla,Koppel,kkoppel7m@xing.com
351c5e6e-0889-4699-be81-aec470db15f2,Romy,Ragborne,rragborne5l@sciencedirect.com
7af97f6e-e8b4-4471-86b4-dc632163909f,Stefano,Scad,sscad5m@mac.com
98bc8102-a790-46fc-be51-ed9dc2d0a173,Gretta,Brendeke,gbrendeke7n@usa.gov
93b70aac-9725-4c72-91b1-0259a20a2453,Jillayne,Slimon,jslimon5n@163.com
14393445-b354-4b2c-9328-573d9380d065,Madlen,Olivas,molivas7o@engadget.com
6f8165e3-2739-431d-be56-9376042f7f81,Lorant,Stoyell,lstoyell5o@tmall.com
df71e834-bf0a-4c1c-b727-2bc34238e844,Reider,Oxley,roxley7p@pcworld.com
c9b55bc6-cf7f-4bf4-9310-34b9f8993bfc,Lorrie,Bullier,lbullier5p@google.co.jp
bfba50f5-4622-4e14-a761-cbeaec99fa0d,Fancy,Marsy,fmarsy7q@hhs.gov
13fa230d-85e9-4440-b23d-dbb38f061201,Fernando,Whitcomb,fwhitcomb5q@istockphoto.com
c01d2573-e406-4490-9955-53e8ea32b62f,Maxie,Gleave,mgleave7r@mayoclinic.com
f05162a6-6e8f-4a58-bb6d-1dfc18ba1ef0,Agustin,Dowdam,adowdam5r@hubpages.com
99f0610b-e7b9-4e8c-8f95-736350889704,Julita,Norgate,jnorgate7s@cpanel.net
99985a0b-179f-41a1-9768-3707a763af30,Tristam,Le Blond,tleblond5s@macromedia.com
ce85f48f-5e44-4ee1-83a5-ebc5dde59599,Beverie,Learoyde,blearoyde7t@ning.com
9430e1bd-4d02-42d1-afa9-cbac78db0f24,Tait,Rowlinson,trowlinson5t@elpais.com
2efc30ba-8a1b-4f69-b4cd-b819c3394ccf,Abdul,Wallman,awallman7u@vk.com
dc07a1f5-cf6b-4740-bd78-cc61166d702a,Luisa,Rosenfeld,lrosenfeld5u@vistaprint.com
be6c233f-c620-46e6-bbeb-1eeb8262fdf2,Wyndham,Rigge,wrigge7v@istockphoto.com
f1e80e3c-10fe-4faf-87e5-b92858902848,Gaultiero,Busher,gbusher5v@ovh.net
27e6442a-6850-4a3f-8958-14a245d3361c,Alon,Gerbel,agerbel7w@github.com
ae9c8fbc-c47d-477f-881a-3278ed53d3c1,Kelcie,Waddam,kwaddam5w@microsoft.com
7d1f13a0-5a60-4b5a-ba09-378c045387a6,Janetta,Fowell,jfowell7x@theatlantic.com
4b3eea7a-514f-4b16-bb11-ea21a9531b44,Vivien,Truder,vtruder5x@homestead.com
22af6e77-25dc-4b96-920d-4c929094e320,Fae,Kenningham,fkenningham7y@japanpost.jp
5ee75445-84a2-463d-8133-4c42f68bef04,Leonerd,Licciardo,llicciardo5y@weebly.com
1103753b-7693-473a-9031-9e1b1abd1191,Bernette,Woodes,bwoodes7z@hexun.com
153469f2-d5ab-4867-a1c7-41e9c800e5f0,Daven,Syrett,dsyrett5z@flickr.com
eddcc12d-8ba8-4824-9818-9bb2a1638a15,Karol,Boldison,kboldison80@washington.edu
43a1f4c4-20eb-401b-ab2b-e247836f0ef9,Brucie,Everingham,beveringham60@free.fr
301fff2b-657d-46b7-a8a4-0e56806508a1,Felicia,Tullot,ftullot81@mozilla.com
21e556b3-9562-4b09-8c45-df904b14b42c,Chryste,Pattesall,cpattesall61@berkeley.edu
f51241a8-11cb-4dc7-8c7b-ae29c7f29cdf,Georgina,O'Carran,gocarran82@furl.net
75a3db5d-f12d-4a7a-8577-72af53dbdb25,Lilas,Hooke,lhooke62@pbs.org
35859c27-86a4-49bd-b0e0-1fe24b69e959,Tarra,Delf,tdelf83@wiley.com
75473e2f-6415-4d78-9d48-dbf953cc39fc,Corey,Westcott,cwestcott84@cam.ac.uk
8a1f1d0e-0735-4572-a0a8-ffd8b517f4c9,Anatole,McCaig,amccaig85@sun.com
97f16385-00f5-4c85-bc48-d6d56487739f,Simeon,Pryell,spryell86@scientificamerican.com
bec21fea-488f-49a0-881a-39bd79a25168,Mara,Boykett,mboykett87@wufoo.com
5e206d04-6d36-4bc5-83de-314efe8c5669,Ettore,Aylen,eaylen88@soup.io
85d630ad-d785-4968-b3f0-1bbb74f3b46a,Jeffy,Fairs,jfairs63@shutterfly.com
770f64a6-3c54-4936-9b4d-a4fe33d508c3,Jacquelynn,Piris,jpiris89@creativecommons.org
61bfc583-8cdf-4d1f-a49f-ef4b8ef72598,Rebecka,Laise,rlaise64@cocolog-nifty.com
1ec9d713-088f-41dc-810d-ce6f8c7b4c56,Addison,Lante,alante8a@washingtonpost.com
6a5e6ce0-b16e-4834-8863-22d673c04486,Carin,Bradick,cbradick65@google.ru
f0d4e2c4-4238-47b3-8575-62adb608ab7d,Sanford,Brydon,sbrydon8b@privacy.gov.au
9e552165-abe6-4d6c-822b-a71b4ff72b00,Raeann,O'Geneay,rogeneay66@paginegialle.it
529b0c4a-59b7-4fe9-9795-6ce990fde330,Ruthie,Buckberry,rbuckberry8c@comcast.net
4c73fc8a-508b-487d-9b6f-20f0391eba17,Parker,Gavaghan,pgavaghan67@whitehouse.gov
3ff4172e-351c-4e4d-ab99-2b699bb48cd3,Hedi,Dolle,hdolle8d@cnet.com
6a7ef3af-8030-4c9a-a356-9a61bf93cca5,Elaine,Harfleet,eharfleet68@narod.ru
b0caddda-c2fc-41d1-b46f-d3435eca0168,Vinny,Hatherell,vhatherell8e@jiathis.com
487675a3-81e2-4aeb-86c8-2e9dbeea9970,Lyndsie,Christoffe,lchristoffe69@theatlantic.com
487a50a5-3175-4210-8d2e-c2236da22c27,Magdaia,Kettridge,mkettridge8f@webnode.com
760301aa-24bd-44a9-b3d7-4b893f0c9e92,Sigismondo,Dyett,sdyett6a@youtu.be
3cb973f2-0ccf-4939-999d-05a71d30fd9c,Aubrette,Parkes,aparkes8g@mozilla.com
b948b106-5173-40db-b130-64a5f30499b3,Staffard,Baldery,sbaldery6b@wsj.com
e624f1d9-ec64-439c-af6c-9d5a4148ae87,Paolo,Lawes,plawes8h@imgur.com
71c3317a-4b1b-47f7-907a-a5a05c89477e,Lizbeth,Prydden,lprydden8i@who.int
c631f221-e1d9-4a12-941f-8ea42b6bed9e,Mar,Saby,msaby8j@seesaa.net
7448a689-c7b0-4a47-8263-51d4d48d487f,Andie,Grube,agrube8k@cmu.edu
73dd0487-81b4-48db-8eb2-9aa2d54d720d,Irita,Chivrall,ichivrall8l@mashable.com
c6359b50-7805-4243-9dd1-e0fe93b19622,Bernette,Pengilly,bpengilly8m@vistaprint.com
62887fef-2145-4731-9033-2e0eff019ce7,Kikelia,Bohden,kbohden8n@cbslocal.com
11ba536c-292e-4d39-8979-42ff290c88f1,Crissy,Backsal,cbacksal8o@deviantart.com
3bbaad5a-8262-4e07-8492-3836be46f187,Whitaker,Locard,wlocardak@usnews.com
b7af5b91-e043-4058-bc3d-cd03fb7595bd,Delora,Stolworthy,dstolworthy8p@tuttocitta.it
ed3cd2e6-2649-4188-bf77-fc4396d7d014,Bartholomew,Corzor,bcorzoral@patch.com
2bddd675-d44f-41d3-a10e-dd9e5b37d8aa,Ham,MacKessock,hmackessock8q@ning.com
a3e8f44a-10ec-4543-a994-ac0795128b5c,Durant,Russe,drusseam@abc.net.au
2e313a03-f400-4fa1-be33-a5451a101eff,Muire,Dahlen,mdahlen8r@google.es
47371595-e024-4768-9bc8-46f3b3991974,Teena,Glendza,tglendza8s@vk.com
ea2c6c63-b332-4fc2-94a1-edc4ea993f84,Christopher,Cork,ccorkan@cdbaby.com
51017efe-688f-430c-a36c-9d8026a6627f,Sebastien,Guyonnet,sguyonnet8t@sphinn.com
3f13e568-fe82-4956-86b2-b8e98b65aa69,Kaela,Bartusek,kbartusekao@washington.edu
a8718732-e9cc-444b-8bd7-66a534d26a39,Allyn,Lockless,alockless8u@nhs.uk
4cad209d-fd49-4661-a718-0a061d3d9f2c,Romola,Ruthen,rruthenap@merriam-webster.com
0e523439-f089-47b2-a6b9-2e4a1a925437,Fina,Cray,fcray8v@acquirethisname.com
12f6e17b-d83f-4e60-b24d-a18819d1aff3,Kalinda,Layfield,klayfieldaq@dot.gov
2810230f-34aa-402d-b920-5a5faa432908,Deidre,McMeyler,dmcmeyler8w@accuweather.com
1c84ddef-6c46-4a0a-834e-142b680da6d7,Chad,Artharg,carthargar@fda.gov
cceff8f3-1f65-4e93-b342-d7af59145490,Godfree,Ivakhnov,givakhnov8x@php.net
87e67b4b-ecfa-420b-92ba-5704ea8b5908,Tiebold,Kybert,tkybertas@eepurl.com
97e16a15-b255-4283-93af-a0570089af95,Elyse,Bulled,ebulled8y@macromedia.com
df9eb36e-3807-4f9c-a042-4b31224b383b,Shea,Brammall,sbrammallat@digg.com
139c3865-564d-41c5-9016-ae88b2644c3d,Grata,Minguet,gminguet8z@indiegogo.com
eb59f816-4f8d-4934-9131-792816dceb07,Irwin,Massimo,imassimo90@irs.gov
9b099903-06f9-45a0-b630-850eba4aed19,Keen,Dufaur,kdufaur91@msu.edu
08a51c48-ddc3-4e21-86ca-abb4ea6bb28b,Trev,Widdowson,twiddowson92@comcast.net
2c89bbe2-38da-430c-8a7b-d0c996e1d96d,Courtnay,Fattori,cfattoriau@statcounter.com
79a536d2-dc93-4247-84fb-13fae6dea683,Carmel,Pottiphar,cpottipharav@mozilla.org
47fc1224-b57a-4203-bd6f-2bd77032e6dd,Barrett,O'Docherty,bodochertyaw@icq.com
ea5085c5-e5c1-4832-aee5-257a57555e91,Jewell,Swainson,jswainsonax@princeton.edu
f8cd9768-dace-4d9d-9d5b-f77b2cab39d9,Renado,Sollitt,rsollitt93@biblegateway.com
6f586c88-d3f0-453d-b1d0-9092c4f8621f,Tod,Bortolomei,tbortolomeiay@boston.com
1421be21-eb04-45d4-b673-2288d24c49fc,Dot,Abramovitz,dabramovitz94@stumbleupon.com
323c0ec4-1e39-4592-acce-1c09b607b39c,Jesselyn,Blakiston,jblakistonaz@google.cn
6f2e4831-402c-4cbd-911f-944ea1eb7f6f,Mattheus,MacVicar,mmacvicar95@ebay.com
6e3090b8-adbb-49af-a375-7863bdd1a903,Malia,Allix,mallixb0@google.cn
dbf17d7b-5d6a-4da4-ba29-af80e6205adc,Harmonie,Lawlan,hlawlan96@ftc.gov
6ee8ccf5-4c32-4f58-99e1-fa907e5ae56b,Roberto,Ofer,roferb1@timesonline.co.uk
6485c957-cea8-47f4-815a-baca225da4a2,Mart,Flanner,mflanner97@dropbox.com
6071a446-fd8e-4482-9a17-5565f5b41fae,Kalil,Conti,kcontib2@creativecommons.org
99deef33-2029-4429-8b36-d23e7195d2e9,Dorian,Bainbridge,dbainbridge98@businesswire.com
11427a1e-671c-42b0-a1f0-786d34c843ca,Gustie,Polotti,gpolottib3@surveymonkey.com
67ae767b-5e72-4327-9acf-f7861d89c012,Chrisse,Gomersall,cgomersall99@dyndns.org
7d720cd3-9e74-4fe6-bfb6-9a3d7d256e54,Keefer,Derrington,kderringtonb4@ox.ac.uk
8abca5de-7d3a-4086-b02a-c019071caed1,Nannie,Itscowicz,nitscowicz9a@jalbum.net
408ac91c-af8f-4e14-a060-0b65f2934ef8,Erminia,Sigart,esigartb5@istockphoto.com
4236a38b-9bb4-404e-aba5-ebf1610125b4,Kale,Hurst,khurst9b@yelp.com
480ed8bc-4c86-473a-8dad-689bf2682fb5,Stanfield,Feather,sfeatherb6@e-recht24.de
4cbb5aef-861e-4ec7-9841-3f0c50110320,Marcela,Edlyn,medlyn9c@thetimes.co.uk
2f5bf621-9475-46db-991f-f33925d4f6bd,Bernetta,Beldum,bbeldum9d@java.com
f237653a-aff1-4c60-8cb4-188fef9c3da2,Pieter,Colten,pcoltenb7@mapquest.com
ee96605b-5edd-4538-b8a5-6b5a95d65903,Brigitta,Hartill,bhartill9e@cloudflare.com
ec681daf-e733-47b6-848e-0ebb2c7b88c7,Hamilton,Antonikov,hantonikovb8@icq.com
5ce2a04d-1ad2-4fa8-8f6c-274ea8ab5e25,Vinnie,Leeburne,vleeburne9f@sphinn.com
0f34af80-c785-4fbb-aeed-2ef1f82b9735,Lion,Augur,laugurb9@usa.gov
9bc981b2-d4fc-42e4-b3ed-6d3fe93e8442,Claudianus,Trewman,ctrewman9g@tiny.cc
360c8c51-a08a-4228-a33d-31cca55e61f0,Royal,Slimon,rslimonba@gizmodo.com
0f07114b-7bd3-456d-bb63-51a2ba5c7617,Wendi,Gideon,wgideon9h@freewebs.com
98d3852e-b89c-4e82-b81d-4cb9cb2112bd,Jessalin,Mushawe,jmushawebb@printfriendly.com
e543a7cc-e265-4938-83eb-2493f04d782b,Pippa,Kelberer,pkelberer9i@simplemachines.org
3eb23605-c1da-4c2f-8ff3-2468eba9bf03,Shawn,Danilowicz,sdanilowiczbc@goodreads.com
9f24a9e2-f11e-4674-9388-4fce2fd0b1a1,Maxi,Sinnatt,msinnatt9j@usa.gov
3bf104ac-0306-4ede-9761-d4e924b22add,Cherianne,Merit,cmeritbd@soundcloud.com
c3fb9817-fcbb-487a-b8cc-b9a13008224f,Bennie,Biddleston,bbiddleston9k@pagesperso-orange.fr
2610fb44-b47b-4c21-b30f-26d293eb5af0,Amberly,Monkton,amonktonbe@elpais.com
b1493d4e-8d20-4f9f-bcb3-cb74297409e1,Carita,Tweedlie,ctweedlie9l@senate.gov
8764b648-8c36-4f98-87bc-7b7244dc8034,Dennis,Mc Comb,dmccombbf@chronoengine.com
6d5f279e-5d65-4102-ad45-1fd832011c94,Andromache,Kittoe,akittoe9m@pbs.org
ce4039a8-327d-405d-8fd7-b7634c7fbb85,Saw,Halson,shalsonbg@tumblr.com
9db3083a-5f62-4706-b761-0fa4bb51529d,Hamid,Awton,hawtonbh@who.int
b9b71e25-d9aa-4c38-97ba-5919f2778fd9,Jefferson,Toal,jtoal9n@google.es
8915186c-4ac9-451f-86c7-7d937054ec52,Bronnie,Attryde,battrydebi@wp.com
dcb51c8e-1281-429e-b353-986f438e6387,Terrijo,Zieme,tzieme9o@wikimedia.org
f0857561-473c-4a01-95b1-b925b17987d1,Robena,Foch,rfochbj@hp.com
2ad32760-a161-4965-94ff-8d8f833f617b,Bald,Fery,bfery9p@squarespace.com
d2bf4410-c8a1-4a48-804a-e20cf789727d,Khalil,Rowlstone,krowlstonebk@yandex.ru
d6237e2d-9d03-4b29-8d9f-d80b2d1e4848,Chick,Petrak,cpetrak9q@stanford.edu
2f6828f0-9bb9-4f3e-b43c-062acfd345ce,Terry,Ghirardi,tghirardibl@usa.gov
196bf1bd-3187-41d0-beff-dd2565fdd4c9,Nicholas,Wille,nwille9r@guardian.co.uk
2dfda44c-be4d-4fba-adfd-ca8c0bdc7918,Camala,Iglesias,ciglesiasbm@ucla.edu
c8194f60-8070-477d-8f62-de784ba69829,Cherianne,Moyer,cmoyer9s@paginegialle.it
3c86015f-e9a8-4baf-a7cc-0508f548d1e3,Antin,Goade,agoadebn@tinyurl.com
335a6850-52d0-4bfe-9397-02c70b5b5917,Sergent,Moth,smoth9t@google.de
4a0d94d1-d6db-4edf-9b16-606ba5a1b979,Alwyn,Tythacott,atythacottbo@amazon.com
3690ad04-75e2-4bd3-901c-28d99c2891ca,Brad,Thornewell,bthornewell9u@columbia.edu
b991195f-caec-4bbd-b75a-4b4d3a6daed1,Sybyl,Ormistone,sormistonebp@ucla.edu
7d99dfa8-3d20-41e6-80ec-6b9355d7fc37,Carey,Goard,cgoardbq@skype.com
15028adf-49da-4c74-b5ff-2a723caf23e6,Hamil,Berresford,hberresfordbr@nhs.uk
f06437af-0cb7-482e-a40b-74d55bb61d14,Chloris,Goudman,cgoudmanbs@dailymail.co.uk
92500e64-b176-4ae4-83b4-98c4df857b1b,Kirbee,Kurt,kkurtbt@flickr.com
698bce37-69ad-40aa-91c9-08c2a4c82d88,Damon,O'Shesnan,doshesnanbu@wunderground.com
9f6b4c86-0344-4576-90d1-820db79a0643,Ricky,Elgey,relgeybv@sphinn.com
de657915-d08b-4811-ae75-123e7f08f154,Jarrid,Chamberlen,jchamberlenbw@loc.gov
16f8b6db-16cd-43aa-a037-1d3105076c32,Ashby,Saice,asaicebx@dagondesign.com
3c8c6470-922f-44c6-962f-6ee6248d06b8,Tammie,Langmaid,tlangmaidby@jiathis.com
736e4b7d-c5ad-4f2a-b729-8c5b43793503,Franz,Lauder,flauderbz@ftc.gov
2bd2c8cd-fab6-4c68-af58-75ccafab72cf,Der,Karoly,dkaroly9v@nhs.uk
0ed79428-cf2d-491c-b935-51c01257e4b5,Ambur,Maffy,amaffyc0@elpais.com
0228e25b-3811-4be8-922c-5aa020433cde,Samara,Spraggs,sspraggs9w@guardian.co.uk
9d4c69f1-a169-4382-a710-aa4e5978608d,Aylmer,McCarthy,amccarthyc1@cisco.com
90b08b7d-8c5a-4698-a895-cec29e199488,Romy,Kopisch,rkopisch9x@aboutads.info
ca68c520-ed10-4c3b-bcf6-bfcd5c295ede,Pietro,Ivins,pivinsc2@nba.com
33c47b6a-930b-4cd8-a7d4-bb8e1589cf7c,Vanny,Visick,vvisick9y@mtv.com
af99e0d5-79b4-43de-a0d9-9ecace89eaca,Haleigh,Pedroni,hpedronic3@nature.com
d9bdbf6b-cc1c-4283-82b8-3f5a39ecbe8c,Janka,Drieu,jdrieu9z@latimes.com
b4eb38b5-8c24-487a-9988-3617b1149697,Kristy,Marcombe,kmarcombec4@google.it
4b04b005-295d-4881-8257-9053931433fd,Eli,Pilsworth,epilswortha0@google.cn
aafccaff-dcab-4c50-81e7-b01938af9e3e,Ines,Styan,istyanc5@salon.com
713f8f20-e426-4b61-a802-2e7c2ccd456c,Elberta,Stannard,estannarda1@noaa.gov
9c60f937-b910-48a7-9fc1-b21de4899995,Ariel,Minithorpe,aminithorpec6@de.vu
f848abf2-1ba6-4efb-988c-f7ebe689a86f,Nonie,Priddey,npriddeya2@nbcnews.com
2d1fc0e9-ec65-4e13-981c-06428f24d820,Kellyann,Hudspith,khudspithc7@gravatar.com
febd2ea9-a013-4ca5-b0fc-9db82ff5a48f,Manny,Lathbury,mlathburya3@scribd.com
2736f021-d4fa-4875-9eee-474eb177f4b4,Monty,MacComiskey,mmaccomiskeyc8@google.ca
1d03e71c-e21f-417f-8796-dd98af283d78,Anton,Bestall,abestalla4@cargocollective.com
2d72c627-3fb4-48b9-8997-2e8674aed210,Nikki,Di Bartolomeo,ndibartolomeoc9@mail.ru
8b5813a2-a64c-47c0-b067-6196d84d65d3,Tallie,Haresign,tharesigna5@google.com.br
bc323763-9d5a-4908-8a5c-21dfda5e8266,Demetre,Abba,dabbaca@cloudflare.com
70c27829-d3db-485e-85ee-f35905f55c25,Kayla,Vasichev,kvasicheva6@edublogs.org
32111103-d3a9-4654-b5ab-d2856e6b9b51,Carina,July,cjulycb@lulu.com
3e6ad6e4-c60d-4525-b06c-e5c3a615ecc1,Corabella,Burdus,cburdusa7@woothemes.com
3e2048d8-7437-4d05-9dc7-95cd1ed97682,Serene,Wyles,swylescc@github.io
da46292e-9ce0-4488-9a2f-8154ed9f12a4,Bendix,Dodell,bdodella8@com.com
46a38f9b-a2e3-4208-b88b-4cab7d7e35e1,Carolan,Pedrozzi,cpedrozzicd@youku.com
f150d10c-1336-4204-9a58-636b3fea2225,Faina,Attoe,fattoea9@cdc.gov
a9d23111-a680-4556-9f91-5d4b8f8eb937,Karleen,Spinney,kspinneyce@thetimes.co.uk
c5943600-b464-4026-96f4-042e9cb7cce4,Hewe,Burrass,hburrassaa@un.org
5e1fac6c-057a-46f3-ade4-dd626c7b6926,Clarinda,Tremmil,ctremmilcf@slate.com
f96cbf31-2d66-4c1d-b079-2d722dee1ffe,Ulrick,Van,uvanab@wp.com
470d21c2-f98c-4288-b9e6-677354aab8a2,Torey,Fagge,tfaggecg@reuters.com
566cac47-fe5a-47a1-be4d-4f1c31dc4d7a,Cam,Golsby,cgolsbyac@walmart.com
2462d884-ea98-415f-b4c0-6f0ed5c50bc3,Marchall,Rolling,mrollingch@goo.ne.jp
9fce8301-b6ab-46dd-be59-21de33a562ed,Donelle,Sisnett,dsisnettad@businessweek.com
834f758d-62bb-4384-b13f-6f2ff0a1d5fd,Lynette,Mor,lmorci@webmd.com
2e947427-6c77-4e21-94e7-a671f9d43ef0,Sonny,Courtenay,scourtenayae@cbc.ca
d68d284b-9f29-44c2-8c9b-b38bda1b9b50,Broderick,Noyes,bnoyescj@cbsnews.com
069d23c9-5490-4586-9fc4-437c598881d0,West,Paish,wpaishaf@unicef.org
64ab1846-1af0-4cad-b721-b028eae9058d,Elna,Starling,estarlingck@merriam-webster.com
4d9bb9d5-07ca-4b73-a9fc-1815b88c418c,Leila,Leyton,lleytonag@yandex.ru
bad3392e-dc84-477b-a647-849c2a16f708,Jordan,McAllister,jmcallistercl@senate.gov
845db0e6-3a43-4385-8793-01416e3e1251,Salvatore,Ert,sertah@google.co.jp
45d765fc-b817-4a6a-87ae-d75724436db0,Margarita,Sandbrook,msandbrookcm@aboutads.info
a26a057c-ca3a-4863-9971-3bf7295f3802,Reggi,Pigny,rpignyai@facebook.com
cefb6365-8c15-4466-8b51-16a4aa5dc693,Cordy,Lymer,clymercn@loc.gov
47e245e5-8cfa-483d-9f7e-66a432a7f82a,Elva,Stokell,estokellaj@joomla.org
a7ffeafd-8c16-448f-a23b-76a4c2642898,Romain,Caplan,rcaplanco@gmpg.org
f3c68970-4464-434e-8470-20dcc14f060b,Esther,Ranner,erannercp@twitpic.com
ea1ce41b-33b6-4c3b-b56d-e9f3160f94b5,Tobe,Greenmon,tgreenmoncq@google.de
c49638bc-ac61-4067-9185-acc464a201fe,Ulises,Whebell,uwhebellcr@ftc.gov
14edea56-5138-490f-81c3-d3c3370c05a8,Sander,Blasio,sblasiocs@ifeng.com
5b7e171a-3b7c-4101-b868-2ed0f5807b3c,Tanner,Davydoch,tdavydochct@ted.com
c984e44c-7648-4354-8aef-fee6ff5a5706,Jerome,Graham,jgrahames@youtu.be
bb3bcdf9-9815-4095-8bef-7bdb951d8c85,Norry,Kuhnel,nkuhnelcu@so-net.ne.jp
95474d82-fbef-47c1-89b3-6cbf378a7c9a,Moise,Senescall,msenescallet@wsj.com
b79bc347-a643-481a-b934-e7d5d9c97e44,Kayne,Bousfield,kbousfieldcv@epa.gov
5f1c01a8-da74-4da7-9e3c-85af0a03881f,Merry,Orcott,morcotteu@mit.edu
0ac199fd-9ac8-4e1d-ad05-1fade593de64,Chiquita,Dionisii,cdionisiicw@redcross.org
f4ea4058-e21d-4a4e-853a-dfc6a37496aa,Ivonne,Bramont,ibramontev@eventbrite.com
9e6fa42c-fee8-42bb-ae5c-450b3acedc6c,Robyn,Persitt,rpersittcx@zimbio.com
aa2b1748-c3d1-4fb8-a1b7-ec2afb25b06a,Claire,Blewett,cblewettew@multiply.com
c81930d9-5f87-4bfa-a25c-8a2051a1134b,Barthel,Repp,breppcy@sakura.ne.jp
c5d2fcea-8300-4e39-b6fb-8b09807e1493,Upton,Small,usmallex@baidu.com
95b4d51f-e366-4a1b-8976-f591f4f29139,Leopold,Cuniam,lcuniamcz@si.edu
b6734217-7a6a-4d1c-b10f-1acab7ceb852,Etheline,Boyda,eboydaey@bing.com
61b03a2f-1211-497d-ad39-138b8f246757,Wileen,Doag,wdoagd0@twitpic.com
41e74545-957f-4b9c-8c54-c3a7041f6010,Mattias,Feighry,mfeighryez@cbslocal.com
2a64aebb-ee7a-4e3a-823e-10fdd077495e,Way,Petegre,wpetegred1@fotki.com
6160a658-2ef8-4297-8c53-87e2b3c1d543,Ruddie,Albrooke,ralbrookef0@ustream.tv
43b375fb-2ea7-4203-9800-fe48cb6bba04,Kinna,Ismirnioglou,kismirniogloud2@vimeo.com
843fa9dc-c82b-4bfe-ab0f-9f29aeab1b45,Kate,Rickertsen,krickertsend3@facebook.com
614f97dd-129c-4827-96c7-efe30d8d1bb4,Eldin,McDonnell,emcdonnellf1@creativecommons.org
496d9635-3503-479e-b5f8-40bff5200d22,Madelena,Decroix,mdecroixd4@cbslocal.com
c83af8f0-08ac-47db-b656-cfa40decb792,Rhett,Beglin,rbeglinf2@epa.gov
34e7b8a0-0495-4faf-be1d-43c6755a22be,Cammi,Kiera,ckierad5@whitehouse.gov
987101a7-896b-4d62-b7fc-058b440ffb12,Basilio,Elland,bellandf3@tmall.com
0ffbdf42-3eaf-4a5e-9520-dd2c9627792a,Dorri,Londesborough,dlondesboroughd6@digg.com
d17635c6-c7ed-46cc-8ed9-d8e1122c637d,Abby,Godley,agodleyf4@ustream.tv
b1c4a03f-e207-4442-8bf9-200b180d5402,Gunar,Gronous,ggronousf5@sitemeter.com
a6ac3890-09b6-434f-94d6-f75c14a3d4eb,Frieda,Brundrett,fbrundrettf6@seattletimes.com
9cdf3194-b46a-4725-ba59-b05ea62ac374,Corene,Tyt,ctytf7@hao123.com
14165dd4-94f6-4981-8299-09e1b7eae0e5,Ardene,Minty,amintyf8@unblog.fr
1768327f-9705-4a34-af76-ec55fea101c5,Cornie,Dresse,cdressef9@example.com
1426df82-592a-43bd-ae6d-fd409e27ed5b,Erv,Mouth,emouthfa@networksolutions.com
0621376b-ebec-464d-abe2-b27e075a10a5,Michale,Drewe,mdrewed7@imdb.com
3dc1ffc5-a2ff-4194-abdf-c6b20a91955f,Trudie,Hynson,thynsonfb@blogs.com
74f3404a-b6e0-4a52-b55c-8b8520cabeaf,Sallie,Janousek,sjanousekd8@cam.ac.uk
dc9b75f9-b9bc-4676-9dbc-67e5539fd049,Aurie,Pead,apeadfc@youtu.be
871b55f0-26c1-4bd5-ba79-4e3224813220,Heriberto,Kennealy,hkennealyd9@ucsd.edu
4f81263c-3d6f-4e67-9a09-f9562ba50db6,Joycelin,Woolfitt,jwoolfittfd@google.ca
30500c4d-bfac-4d07-8608-927f23790f25,Bliss,Axell,baxellda@paypal.com
3e945123-fed4-42e5-bf05-6c8b05e2a486,Baron,Francescotti,bfrancescottife@google.com.br
92c8ff8e-310f-40fb-b343-5ffdada7f591,Lazarus,Sivill,lsivilldb@soundcloud.com
201dcb36-452d-4764-892e-466b677e3cc1,Nevil,McCandie,nmccandieff@latimes.com
4e23b1c2-c5e7-410a-9833-668a4a3a468d,Selby,Whiley,swhileydc@bloglines.com
12557db3-e830-4e64-be04-ed1d63570539,Dorree,MacCrachen,dmaccrachenfg@soundcloud.com
e34e2450-408b-4aaa-9d40-baa1661ecb58,Phyllis,Longbone,plongbonedd@newsvine.com
5da8e62a-26ad-4497-998d-3c714161e7bb,Kordula,Renachowski,krenachowskifh@ameblo.jp
fe2283db-d5fb-45d1-b42e-84101a9b340a,Gertrud,Pedrielli,gpedriellide@columbia.edu
17aede26-c3db-49a4-bc87-7565db300100,Dukie,Marzelo,dmarzelofi@reverbnation.com
fe0a335c-6ced-45c7-a30f-23b83a2d1147,Nickola,Naile,nnailedf@vk.com
21f5fc17-87b4-4c56-8725-2910295fe876,Annabelle,Tweedle,atweedlefj@xinhuanet.com
75c6bc2c-9146-458f-914f-9c5bd3335231,Ossie,Treece,otreecedg@storify.com
d3910bf6-f8fa-49de-8d63-cfc0591c40fc,Brett,Messruther,bmessrutherfk@stumbleupon.com
b162054c-2db0-4bda-8b0e-904a10816bd9,Virgilio,Mathieu,vmathieudh@weebly.com
1ffd76dc-e7c8-40dc-bc5f-34b114ad4cda,Wenonah,Eliasson,weliassonfl@indiegogo.com
e2de980f-c9a0-49c6-9aa1-5d838d640d8b,Shelley,Rolles,srollesdi@mediafire.com
181c0193-9732-448c-917e-5bbbee8a6877,Amy,Crowthe,acrowthefm@shutterfly.com
1040af8d-85c0-4cec-9c5f-5824c3981770,Durward,Gocke,dgockedj@businesswire.com
35659fe0-27f3-4cf1-a852-d30f500e3dd6,Ronnica,Hearnden,rhearndenfn@dailymotion.com
2d1aaed2-c039-4b99-926e-45fc37bfcac5,Jackie,Newdick,jnewdickdk@utexas.edu
3943c4e2-2c09-4260-8f4b-a509530c5312,Romy,Whightman,rwhightmanfo@nba.com
ea2abcc5-500a-4c05-8aa1-703f08e437fb,Dur,Pascoe,dpascoedl@simplemachines.org
70a11d9d-013a-4eb7-84f5-9d6dafdb4daa,Lorain,Baglow,lbaglowfp@is.gd
e59239be-56ff-4e76-a6d4-f97ed08aebfd,Randolf,Stiegars,rstiegarsdm@cargocollective.com
648cab45-9781-4b8c-9169-e6ae7e7c35ef,Lacy,Bucklee,lbuckleefq@tuttocitta.it
14fe3f7d-ef12-49cb-a93c-d7350bb33d76,Noll,Kemp,nkempdn@freewebs.com
5ad7f42b-e854-44e9-8a04-32ad8504040d,Olivero,Sired,osiredfr@virginia.edu
d867e579-96f8-4e24-ac27-47e989da6fd8,Glyn,Paolino,gpaolinodo@360.cn
d64904b0-9542-4572-8cc4-30b47719034a,Griffin,Watchorn,gwatchorndp@theglobeandmail.com
681cabf2-f04b-4a78-89f6-0456dfefdcdb,Leland,Elster,lelsterdq@ning.com
634f1aff-8d0d-4e36-80b5-4b61b72a13dc,Dniren,Muscroft,dmuscroftdr@noaa.gov
bf134f16-7a65-4588-9bd9-c24deac1b349,April,Faunch,afaunchfs@altervista.org
885ab301-8312-45a6-b9c0-e299b2118e14,Evie,Tough,etoughds@addtoany.com
421a595b-70d3-4ebe-8f33-95f30806f302,Cleopatra,Proger,cprogerft@topsy.com
14b649c5-4c5b-4575-9818-c1cddcac5e64,Vernon,Nial,vnialdt@a8.net
f46dbe0f-96b0-4126-bf67-17ea0274f712,Shepherd,Kimm,skimmfu@shinystat.com
2a555c76-a72e-4f47-8f83-d2bb722e1c3b,Lory,Boldison,lboldisondu@mtv.com
72cd112d-4b3e-4bc5-9aa5-360a287cf658,Bevan,Penman,bpenmanfv@hibu.com
bfc6080d-948e-42b1-9779-a43829943cf5,Rosalynd,Gerler,rgerlerfw@soup.io
b5b542a4-61fe-442d-8c5f-50b57a5e5570,Daryn,Young,dyoungdv@ameblo.jp
6863a3fc-986d-4d13-b91e-218eca7fcb81,Dannye,Rivett,drivettdw@washington.edu
5afd21e7-26a4-4c7c-aab2-aa4e72634ab4,Drake,Posnette,dposnettefx@networksolutions.com
d61f3ac6-1318-4357-9161-6f23429f4240,Rich,Brittoner,rbrittonerfy@harvard.edu
a8663a71-a53b-4d92-8015-601a54e664f2,Antonie,Kayley,akayleyfz@earthlink.net
db7e8f13-9319-4ef1-8cb2-38ced67e5574,Nathanael,Stennett,nstennettg0@nyu.edu
569a54aa-6b71-4111-9e74-c23b6f931637,Tawnya,Marven,tmarvendx@twitpic.com
04952d72-d5d6-4473-8fec-bdb82b68f319,Toddy,Pantridge,tpantridgeg1@exblog.jp
2c62127f-4f3a-4819-bb9a-7697cd36bba9,Wells,Ody,wodydy@rambler.ru
10653a51-d23e-4e77-9e77-560cce6f4de0,Reggis,Colecrough,rcolecroughg2@paginegialle.it
fc1df8ae-5565-4ceb-ae91-aee25146603f,Clara,Aspling,casplingdz@biglobe.ne.jp
adab044c-1055-4f27-91e1-784a60d80dd4,Alvy,Tewkesbury.,atewkesburyg3@exblog.jp
fbdb962f-5b45-46b3-b52a-487e7919ae51,Em,Presser,epressere0@quantcast.com
0660fa30-f689-4c78-a846-0aaf7ab8cb84,Floyd,Chaney,fchaneyg4@dagondesign.com
a6f20237-0ede-46a2-8604-fc240b6cfd95,Blayne,McPhater,bmcphatere1@ehow.com
7ce38fbf-a8df-4929-a887-84c21d495f97,Elli,Dennison,edennisong5@state.gov
88b024ae-5837-4d90-b1fa-1b830d2720cb,Dave,Heisler,dheislere2@clickbank.net
6ab33460-5b49-4f65-9ee5-6088f42a6409,Madelene,Ranson,mransong6@telegraph.co.uk
18b2e6e0-f579-4139-8a22-b8472993f882,Latrena,McCullen,lmccullene3@deviantart.com
9691ff5f-dee2-4b84-9fb6-49bf8035b3e7,Hyacinth,Mowatt,hmowattg7@epa.gov
29847329-c443-4647-9877-64704ac18890,Marchelle,Durrans,mdurranse4@wordpress.com
39ba2a22-b9be-470a-930c-4d340c86ee1d,Mandel,Bussetti,mbussettig8@mediafire.com
70c1f40d-3cc0-4af6-906f-e3499d0967e3,Barde,Bellwood,bbellwoode5@disqus.com
ff506a97-6d4f-41e2-8a9e-789823e64f9b,Emalee,Luisetti,eluisettig9@msu.edu
3d6cf6d7-ccc9-45c7-bd0b-73d5ae15cae3,Waite,Matushevitz,wmatushevitze6@google.fr
5c436930-294f-4945-95a9-ae108b780ee8,Cammi,Ormshaw,cormshawga@cam.ac.uk
e9da0abc-6815-4481-b757-e2fb0fce81b9,Abrahan,Tetsall,atetsalle7@eepurl.com
eb667340-5901-4c99-8b59-c594aa7b708f,Eloisa,Ridings,eridingsgb@ucsd.edu
7f4128b5-2997-4ad2-9429-0176c864873d,Nevile,Clears,nclearse8@gravatar.com
b88ff187-0760-4075-a207-6441c9840ae4,Beniamino,Ablott,bablottgc@zimbio.com
c659350b-a1a5-4419-9910-764dcd4d9f4c,Leese,Ecclestone,lecclestonee9@arstechnica.com
0c665a17-206c-4396-ae7d-364bf7668d78,Bevon,Kinane,bkinanegd@netvibes.com
8db8ff96-6089-4dce-9e2f-d98405abbc8e,Agnese,Dawnay,adawnayea@usda.gov
5240a226-cb67-49fe-9a08-5fb12ffc0baa,Kasper,Craiker,kcraikerge@dell.com
2a0d89c1-1f68-4562-982d-cf0ae542af12,Chet,Carcas,ccarcaseb@irs.gov
35d2739c-5c80-4356-8d92-5b1f4cabdd44,Bren,Wike,bwikeec@ask.com
80d291ee-f5ec-4d5d-9676-17d0dfc9fcee,Christiane,Vitte,cvitteed@webs.com
6ce43095-e63c-41fc-a9e1-0d6261589351,Alonzo,Callard,acallardee@a8.net
0d675e2d-5892-4917-8bd8-7062f623fd13,Lurline,Berry,lberrygf@newsvine.com
52776655-bf92-4835-a974-23870cc90129,Tisha,Crosetto,tcrosettoef@hao123.com
0154d1e9-14bd-452a-b26f-6ea2a567257a,Benedetto,Colwell,bcolwellgg@reuters.com
0efc844d-280c-4edf-9e3e-274baacfe030,Guthrie,Layborn,glayborneg@apache.org
88b82fee-c1a9-438e-856b-068a61d0686c,Tedda,Hesbrook,thesbrookgh@youtube.com
06077476-28e7-4082-bd07-656e592af2b1,Brinn,Teale,btealeeh@craigslist.org
e4dc7a3f-5879-40f9-936e-4f538b148949,Jarrett,Laugharne,jlaugharnegi@qq.com
170efb61-77ad-48a1-a50a-558ca48ac48f,Dew,Parlour,dparlourei@yellowbook.com
d19c79ff-04f3-4763-ad6e-3a6f23d2ceb5,Maxwell,Bartholomew,mbartholomewgj@youtu.be
b5f6e133-6c7e-4f0f-9deb-d87dad966a54,Hortense,Bubb,hbubbgk@opensource.org
2f445ae8-68eb-422e-a807-8353a00f094f,Eugine,Pavia,epaviagl@hhs.gov
cd2e3904-a4a2-49a1-bd8d-3dc161b2a662,Thedrick,Dible,tdiblegm@amazon.co.jp
a58c7328-6da3-447b-b3e0-a7a4b68c4e24,Xylina,Tinkler,xtinklergn@chron.com
7b2c0999-acbb-45be-9254-c64379ce6d09,Domeniga,Witsey,dwitseygo@ucsd.edu
42c2d8eb-4e37-44dc-99d6-43f57262c359,Ernaline,Deam,edeamgp@ed.gov
ee1a9bfd-1657-432d-bd7e-8ccfda1d2760,Clemmy,Vaskov,cvaskovgq@feedburner.com
b92b3218-7a10-49de-9ad7-1d487032eee0,Sterne,Phetteplace,sphetteplacegr@microsoft.com
fe2e63bf-57c6-4813-bbc0-fde44d34b793,Jethro,O'Doohaine,jodoohainegs@bloomberg.com
c8f847c3-c64b-42b0-be0a-1004d42dbcff,Evelin,Berntsson,eberntssonej@ask.com
acd1abd4-e777-4aa3-ae37-8ac7ced6b1b9,Baxy,Bartlam,bbartlamgt@vinaora.com
6e7f3a3d-2d3f-4a11-bf39-7550764e40b4,Mirna,Webb,mwebbek@slideshare.net
22299f68-cb97-485a-a810-7b43066cedee,Loria,Balderstone,lbalderstonegu@ed.gov
ded6a168-827f-4193-8a72-a81da353e46d,Briant,Ratledge,bratledgeel@slate.com
dd71ba6c-c5fe-43b6-afc0-ac405ec1ac86,Katherina,Dowber,kdowbergv@google.fr
9024006c-0a7c-4e21-a5dc-0b9a8e6cdd6e,Otho,Bertenshaw,obertenshawem@cafepress.com
702f6d0a-52f4-47b6-b3ef-758adb9c0b1e,Larry,Glas,lglasgw@youtube.com
b1608fbb-48d5-45dd-b5ee-84b623cb33b0,Anatola,Greenman,agreenmanen@wunderground.com
943db05e-50d3-4ae5-ac79-a9bfca43b0d8,Natal,MacDearmid,nmacdearmidgx@squidoo.com
28489b5a-95cc-4129-a4cf-816163e274b6,Davidson,Konzel,dkonzeleo@vkontakte.ru
1c662dc8-a9a7-44f0-8bdd-55efbad1ec95,Lennie,Blampied,lblampiedgy@amazonaws.com
8f6495e6-9a60-4a17-b264-d9b7549c20fc,Neale,Scrafton,nscraftonep@xinhuanet.com
892e83bd-6a44-46f5-a9d6-7ae1596fdbd6,Mildrid,Schoolfield,mschoolfieldgz@cpanel.net
d9ec88df-c1b2-4b9a-a748-80aa01f49d1a,Conrado,Meriguet,cmerigueteq@dailymail.co.uk
bcc5384f-3922-4edb-b593-d50c22d65621,Carrol,Chrismas,cchrismash0@w3.org
7dca7c82-2530-45f6-acd0-1ca796808759,La verne,Peagram,lpeagramer@1und1.de
fe3ce41e-3ea2-426c-bf6e-df7ae24f399c,Jamal,MacSween,jmacsweenh1@wikispaces.com
0d0fe350-e446-415b-a569-ac0190af71de,Gerianne,Lack,glackh2@webnode.com
1165d720-b79a-447f-9b0c-32806582e0d6,Cly,Brandli,cbrandlih3@sun.com
32832917-b5f4-40c8-a158-efbf71435c5b,Winn,Phelipeau,wphelipeauh4@craigslist.org
b69baf58-6427-4ab4-9ca4-f9edcac0ec2e,Eddy,Lowdham,elowdhamh5@theguardian.com
0c1ba656-f994-44df-99de-d313c218aaea,Leonie,Hails,lhailsh6@hubpages.com
c3d4832e-bb5c-4220-b3ef-9e896e689e73,Wye,Gisbourn,wgisbourniz@thetimes.co.uk
6cd21c59-3981-459e-937b-2b2dfd458e3c,Leda,Lemanu,llemanuh7@reverbnation.com
1d59df0f-2095-404b-ad3b-0c0f33a9614d,Ondrea,Wicklin,owicklinj0@netvibes.com
f8e01e7b-17f9-4f07-9211-21b45a2d0f2f,Hendrick,Lampaert,hlampaerth8@spotify.com
40348c6d-69f4-46c7-a946-1e591771931f,Keith,Bandy,kbandyj1@dion.ne.jp
18c14cea-0fa3-4682-86d9-a0c3b479c769,Terrye,Enefer,teneferh9@mysql.com
9c182ed1-4a2f-4a29-b7e1-6af649dc2d1e,Bent,Shortall,bshortallj2@plala.or.jp
b2dad41e-7638-4128-8da6-f36a60d89b2b,Deena,Gettings,dgettingsha@usa.gov
17ac6045-b32f-4873-8843-ac3e7eee478e,Griz,Fulham,gfulhamj3@devhub.com
40494a82-b62f-4243-9d39-450c89e724f3,Bevvy,Clarke,bclarkehb@washingtonpost.com
b1e7de7b-6c18-47aa-8ba3-0b97594a3a53,Mareah,Bazelle,mbazellej4@dot.gov
5cb9fa69-ac20-479d-a716-794840d2ce43,Carlin,Paddefield,cpaddefieldhc@techcrunch.com
0e903b52-5eea-4cd4-b2a2-99c845ecaa7a,Gunter,Pedrazzi,gpedrazzij5@ox.ac.uk
e3ed40e6-783b-47c0-aaff-96c062324c4f,Welbie,Schettini,wschettinihd@amazonaws.com
01345405-1ddc-4e82-8934-8ccebb642775,Kleon,Ruperto,krupertoj6@webeden.co.uk
40085bc3-80e8-4b8e-83ec-1ac7b524da29,Filmore,Pollitt,fpollitthe@facebook.com
b4548ca3-65ab-45b9-a1ea-8304f56fdaaa,Lurline,Brok,lbrokj7@harvard.edu
e56c176e-982b-4344-9ea7-545fed02fd07,Gwenora,Millward,gmillwardhf@joomla.org
c102d7c4-ffc0-4bec-8999-fdb96e3c5ef8,Mylo,Bartozzi,mbartozzij8@joomla.org
c967ae1c-05ec-4ff0-88fb-3d0a4ee429c3,Jilly,Rosedale,jrosedalehg@slashdot.org
dbaf1eba-55ed-4a46-93e9-893bcebca6bf,Sarina,Arlett,sarlettj9@networksolutions.com
643f5346-1f9e-4c05-9bb8-e1c1ec646f83,Marthena,MacGaffey,mmacgaffeyhh@msn.com
daa0fcb8-63d4-4cb7-b5e5-bef8e51f22bc,Octavia,Pryn,oprynja@amazon.com
8cb338bb-c29f-4da4-97a2-e23bfcd478e9,Elihu,Brislen,ebrislenhi@accuweather.com
6d91b313-d3f6-445f-9a68-9cd2afc68a08,Karin,Haslin,khaslinjb@archive.org
d334772d-a742-4277-a40f-515d15250783,Maurizia,Godin,mgodinjc@wunderground.com
57b02fe3-4492-4235-81ae-5d86986b1204,Udall,Grayley,ugrayleyjd@vistaprint.com
fc0e095d-8c41-4f02-8e6d-f7767196d78d,Carina,Guerra,cguerraje@army.mil
3b7dbeec-59b3-4634-8187-fb21b1d76750,Garrard,Gages,ggagesjf@devhub.com
6504aa6a-f0bf-4dbe-9549-f99dd801518b,Anneliese,Crinidge,acrinidgejg@mysql.com
72ee14f5-3e40-43d5-a98e-9a7f0dbd81bd,Aldon,Wise,awisejh@disqus.com
32ed632c-52ff-4412-ae4c-bddd82b3210d,Janice,Derks,jderksji@mozilla.org
ea786ea1-aa0d-4476-8017-dc5505ae39a1,Leodora,Shearman,lshearmanjj@globo.com
97b58610-36cc-4710-bddc-c8766a981d96,Brent,Dougharty,bdoughartyjk@nationalgeographic.com
e7baed03-cd5e-4d4a-ab1c-b5e0cf436f9d,Karla,Cotgrove,kcotgrovejl@shop-pro.jp
90087886-cd5a-4b83-ab21-0725114bd990,Layla,Halgarth,lhalgarthjm@sourceforge.net
e3fdd13b-9f47-41ee-b0f2-75c443c7945b,Cordey,Frankis,cfrankisjn@seattletimes.com
1f49e2e2-ef9e-4e70-bb07-e3f746d43804,Goldina,Doodney,gdoodneyjo@printfriendly.com
90014362-4403-4988-91f7-9742b2684b29,Philippine,Smetoun,psmetounjp@usnews.com
5a00c8a6-af70-4fcd-81ff-0862a17d326d,Dania,Chant,dchantjq@patch.com
79a173ea-2967-4ccc-b5e5-b3e8e0932577,Brittni,Murdy,bmurdyjr@meetup.com
32784d8d-dbf6-454d-965e-c1a6ef83d691,Patty,Armit,parmitjs@fc2.com
1ce5c54d-5308-4d77-93da-740d53064b89,Cosette,Spencelayh,cspencelayhjt@columbia.edu
94c07a5d-32f5-4a1c-9a90-20044fde2bf7,Bronny,Plumptre,bplumptreju@edublogs.org
055b3fbe-e65c-4ce4-9776-ef4f5ee6d19e,Skipp,Clift,scliftjv@plala.or.jp
5b608afb-2f27-4ebe-8a83-7e8e15bc7e72,Jeri,Gildroy,jgildroyjw@ftc.gov
8c07ec47-fb6d-48b8-afd2-1b8ce2360c67,Killy,Braunlein,kbraunleinjx@vimeo.com
2ea2cd6c-48f3-415a-9022-765e1d6f1f32,Feodora,Kivell,fkivelljy@purevolume.com
51bb6e25-500f-436e-8a87-c4be863c91a1,Ber,Di Batista,bdibatistajz@simplemachines.org
064cf2e1-e441-4538-8027-81a889502370,Derward,Haitlie,dhaitliek0@bigcartel.com
88992697-745c-4ec6-867d-40af43c7ea5e,Phaidra,Bergeau,pbergeauk1@time.com
0213a804-f12c-4ba2-9517-9254d189b5da,Orion,Bedberry,obedberryk2@webmd.com
20a28bbd-20a5-4a6c-b9e4-4bd2bf6713c2,Bessie,Shewry,bshewryk3@tmall.com
93471b63-2ef9-4818-989b-36cc3a9dfb70,Henriette,Grayland,hgraylandk4@si.edu
34eee295-f242-4b80-94ac-a48cfbaa414d,Lissie,Shapera,lshaperak5@yandex.ru
1cbe4c40-2c87-4e5f-a58c-59b19dd97d07,Daphne,Dreinan,ddreinank6@dagondesign.com
7e3382a9-f81d-4867-92e6-ace6fc76e4ef,Veronica,Dewar,vdewark7@unblog.fr
fc24ff02-ab86-4ee7-988e-56413a9a658f,Becca,Peeter,bpeeterk8@elegantthemes.com
0ced9e17-2b5e-4d35-a392-98f2968151e9,Fredelia,Fernely,ffernelyk9@bluehost.com
4dcde9b8-c1fb-469b-92a3-81ad41b2ddcd,Dulcia,Olivetti,dolivettika@miitbeian.gov.cn
ec22237d-c63b-406c-abd5-96d1885090c1,Stephanus,Gotcliffe,sgotcliffekb@instagram.com
a01d06f5-d82b-49b1-99a6-46df2d6ea4df,Beulah,Willis,bwilliskc@eepurl.com
efebe263-37cc-4da0-b8f0-3e35d423e8c8,Trudi,Widdup,twiddupkd@ocn.ne.jp
72a1ecdb-44c6-4bb9-88e7-eb82d689e511,Henri,Gellately,hgellatelyke@hp.com
c8229855-c376-4c4e-9928-d554058e2304,Riki,Finnimore,rfinnimorekf@paginegialle.it
78a8b088-7441-4bc3-821e-7d5613a2199b,Malvina,Collington,mcollingtonkg@fema.gov
5e9b2f9b-dc64-415b-b806-ffa1fead528f,Allina,Clerke,aclerkekh@privacy.gov.au
36d0b4d0-e2ee-4288-84bc-d780ff159e42,Lothario,Warke,lwarkeki@google.co.uk
33de7a67-751e-479c-ab34-b8b427299c66,Augie,Pickavance,apickavancekj@nymag.com
e39ce07c-2d2b-4011-97b8-faf43431b813,Vina,Pinnell,vpinnellkk@instagram.com
2fb052ad-c243-465a-9eb8-43202148e120,Olivero,Kunkler,okunklerkl@goo.gl
d9544b31-d41e-46d3-ae95-2fb0d71b539b,Alwyn,Sailor,asailorkm@buzzfeed.com
f80aa7cf-de08-4313-825c-0890be2c18d3,Gene,Rosle,groslekn@elegantthemes.com
f6a95419-94ea-4f34-9a29-d47329aa21d6,Merrilee,Ravenscraft,mravenscraftko@marriott.com
95661f9d-fde1-4a27-a509-1d08854bdfc3,Adeline,Pautot,apautotkp@fda.gov
87577542-f770-4c89-b9a2-9ca7e1b70866,Justina,Coyle,jcoylekq@360.cn
7e7dce2b-c9c4-476a-8497-9d03b19d1cf8,Jessie,Cancellario,jcancellariokr@cyberchimps.com
73c2ba28-6597-4f6d-b0aa-10d036e6fa7d,Amery,Magister,amagisterks@myspace.com
f9f9a69e-e955-4346-bb76-1d1dc6a8d821,Violante,Seth,vsethkt@newyorker.com
4b363177-2065-4dea-b43a-7a02d9e0c5ad,Tasha,Sibille,tsibilleku@w3.org
b03aa65c-0ebe-428e-a200-0b0dee7e5e08,Eimile,Biddlecombe,ebiddlecombekv@google.com.au
c99ad584-3740-45a8-84eb-e52d3f05f75c,Libbie,Watsham,lwatshamkw@wordpress.com
d49e6a71-69d7-43e1-8801-e57434e1a023,Lauritz,Skyrm,lskyrmkx@biglobe.ne.jp
ac33410b-c0c2-4460-8b96-b1706f53ffa7,Brien,Rippen,brippenky@spiegel.de
7ab15a15-eb46-4fb7-81a4-973eeac6a562,Jessie,Hesey,jheseykz@theatlantic.com
ff572583-6092-41f0-aad3-87396da374e7,Brew,Tirkin,btirkinl0@yandex.ru
382116cb-cd91-4dc5-94bb-b31d2e513be9,Inessa,Perell,iperelll1@unesco.org
2216f475-c5f4-4336-919c-aeffb16a5443,Maddalena,Gifford,mgiffordl2@oaic.gov.au
5c138fb2-f4d1-490a-9faa-2101fecf9e00,Alison,Downes,adownesl3@istockphoto.com
ca62b2c4-f150-4e09-9536-146f3d0b25b0,Angele,Sands,asandsl4@alibaba.com
d52b16f8-3087-4c1f-8a62-f9241b8a6eba,Maggi,Favell,mfavelll5@simplemachines.org
9a0ff410-6765-49aa-98dd-65bd706468fc,Jillayne,Frichley,jfrichleyl6@statcounter.com
44289b61-8bb1-4216-91fd-265547c1a54a,Queenie,Commusso,qcommussol7@amazonaws.com
dbb4e0ee-9b50-4a43-a5e5-05741ecd3cf8,Jennilee,Busen,jbusenl8@google.ru
05987902-c6f4-4a0f-ac0f-d60e80cc036b,Felicle,Attenborrow,fattenborrowl9@angelfire.com
c5091324-ad35-470c-a241-47dc302d1cfa,Mallorie,Eighteen,meighteenla@stumbleupon.com
0eca5ab1-7cf3-422f-963b-016ab83d8e25,Rhett,Sarjant,rsarjantlb@people.com.cn
5cc6dad3-f37a-4a81-bf11-912fa12d7a52,Allayne,Fentem,afentemlc@examiner.com
70c0dd54-8be3-48c8-a198-d8ef1b971d01,Willamina,Hammer,whammerld@cafepress.com
e34745ea-9cf9-435e-9f7c-f03170d4d8d3,Devina,Danahar,ddanaharle@plala.or.jp
0e3e9059-a56c-4b6b-ab18-732e986e3291,Marv,Bangley,mbangleylf@ucla.edu
8508df41-609d-4b82-9629-2b50fb1d932a,Chlo,Brosi,cbrosilg@army.mil
8ecf8f31-02af-4c71-887b-5aa22c46010b,Cullan,Gelletly,cgelletlylh@answers.com
197d9c61-91ad-46c9-8e44-9e18bd6b0275,York,Kigelman,ykigelmanli@list-manage.com
4db3b25b-a6d8-444e-b1e9-232ee6bce33f,Linnell,Rigard,lrigardlj@example.com
98d0425c-38ff-4323-a7f0-d72d85df5aa1,Morris,Gregolotti,mgregolottilk@theatlantic.com
f3cc6674-bae7-4351-9d39-ede5ef118a4d,Dyanne,Rosetti,drosettill@vkontakte.ru
86c14910-828c-4a40-860d-3beffcc3b9a3,Gretna,Ferrant,gferrantlm@livejournal.com
21f06d1c-69e7-44fe-842d-9ab3a156c4b9,Ganny,Blethyn,gblethynln@army.mil
543b1054-40f7-4a1c-b632-dde1337168ad,Janetta,Olyfant,jolyfantlo@google.com
8d343244-1365-40a7-81fd-984f0359d30d,Emelita,Salt,esaltlp@army.mil
d84905b5-3bd7-4d85-8782-b94ca2c6ee0d,Case,Woosnam,cwoosnamlq@epa.gov
bbc0b5bd-b7ea-4bc1-b558-cd424fa7e103,Lamont,Jina,ljinalr@bigcartel.com
440a1ccd-6aa6-43ac-b83a-5ad1a0d4ce36,Lotte,Mallinder,lmallinderls@canalblog.com
a9a6b815-2cb6-4c13-9e8d-e750241900d2,Oralla,Stanex,ostanexlt@narod.ru
f71dab6e-1157-4e6f-9b5b-c6d120d0d385,Sholom,Gabbett,sgabbettlu@spotify.com
e4d4b7c6-2a87-42ac-9260-7fad58794273,Georgeta,Mc Meekan,gmcmeekanlv@chron.com
e52d7d5c-f429-41eb-acfe-4b35db2d0de4,Kendall,Bage,kbagelw@hubpages.com
1d02be2e-2e56-474d-ba7d-e73fa98fa337,Vern,Root,vrootlx@bravesites.com
eec21ad9-40e6-4834-8b51-2dee2d9823b3,Filmer,Underhill,funderhillly@people.com.cn
16248813-1848-4221-a34f-c15e35e63809,Evey,Celler,ecellerlz@cbc.ca
d7d8875a-2db9-4caa-983d-a9fe36d2767b,Pet,Stuck,pstuckm0@ucoz.ru
047a827d-3fc4-4691-8ca1-305725e85553,Lucine,Aleksahkin,laleksahkinm1@comsenz.com
8f3a0626-437b-4b42-9693-d9ac1f9e5481,Dante,Trusdale,dtrusdalem2@arstechnica.com
ce2db393-2296-4119-8ef5-031e5513bdf5,Leslie,Marcone,lmarconem3@mtv.com
c50adbca-b5ff-4f7e-a575-e98ec1da64c8,Glory,Formby,gformbym4@w3.org
0fd7fbc0-72b0-480a-a4e8-b3bbb98e65b6,Henka,Grishechkin,hgrishechkinm5@yelp.com
a9c7a7e6-fc54-4706-a530-e022bdebd98f,Janet,Chamberlen,jchamberlenm6@miibeian.gov.cn
3a833c1f-2890-4916-b9b7-7052977d6481,Bili,Thewlis,bthewlism7@diigo.com
98b19808-868b-4e0a-bea2-e4c3d0bda32f,Mildred,Orans,moransm8@businessweek.com
918c6494-e94b-46c4-b2b3-b766d4666d8a,Monica,Kleinert,mkleinertm9@patch.com
71fe1578-9858-496d-b762-808b16b39d92,Riva,Tongs,rtongsma@goo.ne.jp
41332571-17c8-4e51-9893-a27bd8e07fe7,Chaunce,Bingle,cbinglemb@mit.edu
af0b4b15-5403-441e-83a3-93ffe0007181,Blaine,Wainscot,bwainscotmc@ow.ly
59614fb7-7ea0-4e5b-b8e5-d9dc79c0e404,Beverly,Ronaldson,bronaldsonmd@accuweather.com
ca5f3c33-81b7-4b51-87d8-10e56ab6b626,Eberhard,Fenix,efenixme@gov.uk
5d4f224b-2d8e-4a86-8eb1-d0a3e43d7df2,Davis,Roycraft,droycraftmf@europa.eu
8c4f67ec-b202-408d-81d7-376259cf3419,Bobbe,Kitchinghan,bkitchinghanmg@tumblr.com
64ff091e-50c2-4d50-8c1d-9a68ded50b42,Quentin,Grzegorecki,qgrzegoreckimh@jiathis.com
0c475c95-8138-403e-98ea-7ad9a799f56b,Rozalin,Stidworthy,rstidworthymi@unicef.org
128033e4-3e23-42e7-8ff3-37bd2cdb195d,Desmond,Eustanch,deustanchmj@chron.com
5c253976-3924-49a7-9123-169394b997c5,Bibby,Bartalin,bbartalinmk@biblegateway.com
5b458db9-9d7c-4a8b-b46b-a417b0a96823,Wilfred,Legh,wleghml@pen.io
4b4f2b38-beb5-40f6-bf88-73dd48fcb088,Golda,Vernau,gvernaumm@businessweek.com
1ab0226c-4583-41cb-b1d6-8019ea4914dd,Roseanna,Kisting,rkistingmn@last.fm
40d646fc-0640-4abb-9b5d-b5e03fad98d0,Engracia,Devanney,edevanneymo@spiegel.de
040d8276-847b-4e00-b701-5462570120aa,Emlen,Gabotti,egabottimp@reverbnation.com
1888ecc2-d65b-499e-8b7e-1f1f7277a1f8,Maryann,Daughtrey,mdaughtreymq@forbes.com
cb7887cc-a5ce-4f2e-ab54-6aa803bf4448,Davidson,Scawn,dscawnmr@macromedia.com
32788c62-41e5-4176-9232-9b5562c6348c,Uta,Rossbrook,urossbrookms@tinypic.com
ae0eb0cd-716f-45ac-b2fe-2d8abd228a66,Robbie,Farrington,rfarringtonmt@bing.com
e330761b-7e19-4209-961f-5f3e5abb8e09,Martino,Kemetz,mkemetzmu@ucoz.com
6e45cd9c-4b43-48f9-8bc3-0fe3010c64a4,Adriana,Birkmyre,abirkmyremv@admin.ch
54c2af79-bc48-498f-ab64-60b400c9788c,Brena,Farbrace,bfarbracemw@msu.edu
deed81c4-79e3-4191-983a-2e5d476f38fc,Brade,Fraser,bfrasermx@reverbnation.com
e5c8c687-ada2-4e9b-9418-20faf4e9f80c,Valentino,Tyrie,vtyriemy@tumblr.com
357f17e5-6119-484c-ba7d-0c593bb57f5d,Chet,Collen,ccollenmz@tripadvisor.com
37fecd40-6b62-4713-91e0-e6012039b18e,Kearney,Gypps,kgyppsn0@nydailynews.com
ac49bfe4-8f6b-419e-bc58-8c1b41b475df,Justine,Kleinstub,jkleinstubn1@etsy.com
4a1df0a4-49f1-4057-9696-3bdba418b3fa,Raynard,Kasperski,rkasperskin2@bluehost.com
a62c7b45-d472-4cc9-9200-d8bc1808ec8c,Borden,Corhard,bcorhardn3@walmart.com
a7e83db4-7c85-40e3-adcd-d6187768750f,Cristal,Trustie,ctrustien4@jimdo.com
771270ae-a373-4616-a733-3ec1c95f51e4,Ranna,Broyd,rbroydn5@npr.org
aa14d11f-24b7-4169-9985-7fd8b566e205,Jareb,Heck,jheckhj@stumbleupon.com
21002511-b6f7-4b32-b805-4de512139d24,Bendite,Sizey,bsizeyn6@latimes.com
a2e19cbb-ba30-4cdb-9f2c-5b936b6e3016,Elka,Bartomieu,ebartomieuhk@addtoany.com
b2a4fee0-200b-45e5-8fa5-4cbd3a802a76,Krispin,Bruni,kbrunin7@baidu.com
68a8e11e-69fe-4d69-9dc9-06c90d16479c,Vergil,Oldman,voldmanhl@jugem.jp
79b5ef21-cdb8-4d26-919a-2b11292aeecb,Mose,Cater,mcatern8@wordpress.com
e31bd57f-5002-498c-a5a7-e45c31b9ee18,Terrijo,Ormond,tormondhm@zimbio.com
91b7c2f0-a6a1-4cb9-8d6c-16cd4839deff,Laurianne,Readie,lreadien9@yellowpages.com
fb22a1f9-c4d6-4dd3-8b8e-1d62aa61099e,Winni,Hold,wholdhn@netlog.com
27b60e45-6acc-4d0d-80b7-8151166dc22e,Forrester,Jekel,fjekelna@prnewswire.com
105dd698-5c3c-483f-a3e5-9830814cef02,Netty,Mussared,nmussaredho@netscape.com
45870983-80d9-4e68-9fb9-3dd699c41285,Lainey,Keward,lkewardnb@narod.ru
0151f008-d40d-40b9-b0c9-0e75aba365b9,Howey,Sapey,hsapeyhp@alexa.com
969d2e85-c1af-4264-9ae8-0bb923a52ed2,Stafani,Bertl,sbertlnc@census.gov
0fdf9ee3-0004-4218-aeeb-52f86b0a15cd,Reynold,Angus,rangushq@ehow.com
f0973664-b23d-4917-aeb1-f7adde659cfc,Ashly,Cockrem,acockremnd@auda.org.au
82b45acf-51e2-4348-a47a-819b66325857,Golda,Ainslie,gainsliene@t-online.de
e5784df3-f91d-4eec-aab1-9f61ddc9a25d,Wash,Skakunas,wskakunasnf@hugedomains.com
98472169-89c4-4e7e-be76-6a5c8757e59e,Thomasine,Guerrieri,tguerriering@merriam-webster.com
aaad49ab-7d25-45a0-85ea-6f6720dfb773,Heida,Hardison,hhardisonnh@pen.io
54fc03b6-9b44-4d2b-a3a2-a18bf4a560d8,Glynn,Lanfranchi,glanfranchihr@flavors.me
3f5f8210-1792-492f-8681-12bb68a511ba,Rutger,Clapshaw,rclapshawni@storify.com
a45a02fd-cd2d-466a-86df-6e45c86cfc65,Sylvia,Chisholm,schisholmhs@mashable.com
9a5cdcd6-3f0e-48ae-abe2-d6d829af9837,Jerrilyn,Crockatt,jcrockattnj@delicious.com
fd0db596-fabb-4617-86ed-fc5de0493f1d,Gretna,Kunze,gkunzeht@dyndns.org
4d7e5b19-cd6c-47fa-8878-e6db7e167ce8,Tiffany,Hacon,thaconnk@ning.com
665cd7ad-1cdb-4aca-9160-bc86dda828a7,Edlin,Klesel,ekleselhu@omniture.com
e879cd89-a115-482f-a514-c7f76a172e6d,Vergil,Gomez,vgomeznl@opensource.org
32dd861f-101d-43c5-a6ab-d84b369aa702,Beatrice,Hallbord,bhallbordhv@java.com
aacf80e5-34c9-42de-b26a-8da3d43763aa,Krishna,Lamlin,klamlinnm@nymag.com
c17823e6-3130-4760-84fb-8462402c1c17,Serena,Perico,spericohw@vkontakte.ru
e2557743-f7e3-4ea8-8f0f-05ef8a6ec1e1,Heall,Rycroft,hrycroftnn@whitehouse.gov
cf37b360-9c37-41d5-8db2-7b3302e10b64,Arabela,Daudray,adaudrayhx@angelfire.com
d66db360-14e2-4c46-9ceb-1d6187bb605f,Aindrea,Forman,aformanno@unicef.org
5bf77fc7-621c-4db7-9da9-daaeb8a258e7,Alfons,Panks,apankshy@yale.edu
26e615a1-07a3-45f5-a58c-79ca34a54002,Eliot,Hatherleigh,ehatherleighnp@yahoo.co.jp
267e2e35-f881-41dd-8dea-761762f79896,Emmet,Lavigne,elavignehz@indiatimes.com
b838c853-ab3e-4114-a471-0b107f5ae4ba,Elisabet,Golson,egolsonnq@g.co
7ad0f628-6fe0-468b-9757-b0b08229c13d,Cleon,Effemy,ceffemyi0@ameblo.jp
02c20c57-a34e-40a2-a472-7e0f755d063e,Friedrich,Longo,flongonr@prweb.com
33a21242-6b92-49fc-b085-288f1746c90a,Leah,Beglin,lbeglini1@ibm.com
3f58806d-6471-4b75-b49d-ee2d435f44eb,Ernst,O'Dwyer,eodwyerns@msu.edu
93717916-46bd-41de-a6a8-8e5c81a74717,Nancie,Youthed,nyouthedi2@vistaprint.com
4d8aaf7a-2bb9-40c2-90f6-8bbfd4c9f24e,Nicolas,Acosta,nacostant@dyndns.org
f00f3ea9-1beb-4116-ae0a-8d08650b54fa,Augustine,South,asouthnu@zdnet.com
8e28893e-50e9-4eeb-a612-5fcadde58ab4,Cristine,Tilson,ctilsoni3@psu.edu
3662555b-73d5-4c68-82a3-f9aeae6a3173,Burke,Heugle,bheuglenv@booking.com
f5bf8774-84f5-4e62-a2da-5127245873b1,Lorenzo,Winter,lwinteri4@joomla.org
9e4c0dfa-4135-4e0a-917d-c68ec44cb98c,Oralle,Ripley,oripleynw@washingtonpost.com
b0f25fd8-4b3c-4160-9cf5-27de6f92eab8,Mollee,Calfe,mcalfei5@google.com.br
67e383f1-53c0-41c1-9672-e075b2cc3c13,Ania,Pretswell,apretswellnx@hhs.gov
be8911d9-386b-4008-9991-e8f538911e41,Brooks,Brookwell,bbrookwelli6@nsw.gov.au
e2e62d65-7358-4b27-90f8-50898f72f89b,Haskel,Odam,hodamny@soundcloud.com
0ab932ef-67d3-4618-8451-5e539a482470,Shannon,Francombe,sfrancombei7@oakley.com
364f846f-83a6-488e-9612-1932b059ee7f,Hashim,Mattiazzi,hmattiazzinz@example.com
dfbd47bc-9b96-4ea1-84b8-009ded2db60a,Dorothea,Chinge de Hals,dchingedehalsi8@omniture.com
70068e3c-7989-45e5-a815-5bd90f54bb0b,Jeri,Stanlick,jstanlicko0@qq.com
06300c5e-d596-4856-82cd-ebdde2486b36,Eddie,Gilliam,egilliami9@howstuffworks.com
f496f863-5a37-4099-891d-ce373a8c47d5,Putnem,Lages,plageso1@angelfire.com
10417d11-acf5-4b58-ad46-15c5e30759ee,Shantee,Peperell,speperellia@artisteer.com
1f45f7c5-54b5-42f3-b508-41a088689667,Calida,Vollam,cvollamo2@spiegel.de
4c34bc42-3fcd-4b80-8ffd-7391f0d3a523,Edgar,Nizard,enizardib@princeton.edu
5523979a-9451-4c73-bb80-d7722e3442fa,Valentino,Futter,vfuttero3@usda.gov
3e0e81fa-c689-44dd-ac8d-6230864920b1,Guglielma,Ockenden,gockendenic@statcounter.com
0d873ed0-6917-43b8-8e18-24b2148f0bf1,Daryl,Piscotti,dpiscottio4@disqus.com
aca1b102-3a8e-4e5b-a28d-53739e2d7dc4,Guido,Umpleby,gumplebyid@mapy.cz
a7aa00d0-220a-4097-9a72-f453d4a4a97f,Ulick,Ryves,uryveso5@histats.com
8c25fb2e-8c22-4cd0-b3eb-4870ab9961ab,Abram,Peniman,apenimanie@e-recht24.de
d1ecd079-0e09-4b79-bcd1-5497845c175b,Mella,Swatradge,mswatradgeo6@artisteer.com
3acde0ef-6196-4a98-9d70-3f604d4f334f,Booth,Haggith,bhaggithif@discovery.com
8587733a-cd9e-488f-8947-1cea8ee4a09c,Lorinda,Mattschas,lmattschaso7@nps.gov
daffb9fb-e776-4aac-a1be-cfd8e566534d,Sibeal,Shovell,sshovellig@sphinn.com
af203584-d384-44d0-a3f9-f79dc68fd28c,Howie,Newvill,hnewvillo8@guardian.co.uk
8cedf1cc-32cb-4513-a922-2075708e3073,Honor,Brotherhead,hbrotherheadih@ucla.edu
894b0659-a0ef-4151-badf-28ec0e874b64,Katti,Twort,ktworto9@rakuten.co.jp
73ed79dd-7689-4230-a233-a93992b30745,Joice,Nower,jnowerii@harvard.edu
9a5977c1-5881-4a12-af50-bda83a0414b6,Kippie,Younge,kyoungeoa@livejournal.com
59f379e9-a981-4bb6-bc1e-6dfee479cf37,Boy,Labram,blabramob@intel.com
9acb46a6-5ee5-4454-89bb-c6e1acfb8691,Cissiee,Petto,cpettooc@forbes.com
eeb391dc-b405-455f-96f4-553ec1942a4b,Gaye,Linning,glinningod@cnbc.com
c04619f2-9a34-45c3-a07f-5b451f1d57c9,Shem,Ebrall,sebralloe@i2i.jp
e28abd46-7ddc-49b0-9511-a8a442bdc6ee,Idalina,McMeyler,imcmeylerij@studiopress.com
d824debe-3a27-45f8-9bef-2a96bfafd888,Damien,Malpass,dmalpassof@joomla.org
04c8292b-f332-4f68-a5b9-23048bfd0158,Cordell,Smyley,csmyleyik@mapy.cz
a4873961-57c5-47be-968b-71fbdaa89152,Jilli,Gierek,jgierekog@wordpress.com
30789cbe-4817-4ec3-b68b-a9ebc0984ab6,Caspar,Brame,cbrameil@businessinsider.com
80ff7b88-b160-4dc3-ae9f-1736d195bdaf,Gwenneth,Kitto,gkittooh@moonfruit.com
79dc5139-5991-465f-a5e0-d9f0f8fb6d69,Kiley,Carl,kcarlim@intel.com
1add731a-f154-4df0-83e4-23000a56a738,Borden,Pretley,bpretleyoi@simplemachines.org
821855ba-0d3c-45c3-b184-6dfb34f4db24,Olvan,Hyde,ohydein@nymag.com
7bcda05a-ad05-4bd6-8bbb-221f8876ad76,Meade,Giacomelli,mgiacomellioj@oakley.com
d8597db4-acbf-46bb-bd3a-a0c9b3476907,Sarette,Cawood,scawoodio@hhs.gov
c4b6ee13-a75c-46b7-b72e-c1f33c91a314,Cyril,Mason,cmasonok@tiny.cc
9c0bfe04-0cfb-44f2-ab03-8a10f09dc98b,Ermina,Wild,ewildip@elegantthemes.com
c0d52fcb-eabb-4c50-9e55-46763f38622d,Nanci,Richin,nrichinol@yale.edu
ec708811-6cab-4978-8601-397eadad09b6,Tirrell,Camilio,tcamilioiq@tuttocitta.it
6d84fe8f-aad1-4eb6-ac17-3451c721462c,Wilfred,Chatto,wchattoom@cyberchimps.com
9f7787bf-d759-4e1c-b53b-92edf354ae75,Mitchell,Lardeur,mlardeurir@elegantthemes.com
cfff8c9b-46a9-4325-8ebd-396e651571c3,Friederike,Braiden,fbraidenon@myspace.com
f8e538cf-5b2a-41ce-843b-33122970c2ba,Marketa,Jesson,mjessonis@tumblr.com
22b561a2-28cb-4335-bfdf-16defb54a2ea,Alli,Cauderlie,acauderlieoo@guardian.co.uk
41877485-0633-4781-a9c2-eada6d0e7f8f,Glyn,Labbett,glabbettit@biglobe.ne.jp
51f59855-47d3-4ba7-8478-5ebefa8f7d93,Adlai,Spittles,aspittlesop@spotify.com
6ff1b8ec-0018-433a-ace7-dcce7f13a9d7,Vanna,Raselles,vrasellesiu@google.com.br
5bb81efa-78c3-4938-a584-b82fe6f55724,Rica,Gavriel,rgavrieloq@fc2.com
0536e174-02d4-410d-8b12-829892f67f84,Merridie,Vasyushkhin,mvasyushkhiniv@goodreads.com
a8bbe0f3-20c7-47e1-8d20-b3a029a062ad,Dolley,Perkinson,dperkinsonor@google.nl
8baf22f0-d1e4-4d45-86dc-e2abe11c8315,Tera,Petracek,tpetracekiw@jugem.jp
2b1f0ba0-fe5d-4d57-a646-d8fc1f424e1f,Coleman,Priddey,cpriddeyos@soup.io
1b860a8f-99e7-4dec-99e0-4919fbbd1a2c,Appolonia,Bonsey,abonseyix@census.gov
f0152f99-3b2d-46b2-b745-fc3c60991158,Elora,McCallam,emccallamot@kickstarter.com
3c60853d-eecf-430c-b93d-59ed1aa03b11,Raychel,Lemon,rlemoniy@miibeian.gov.cn
c4f189a4-68d6-4172-9e75-12022bcc9f21,Germain,Furminger,gfurmingerou@google.es
8a51d270-ed9f-4a09-b8e6-20554cdbbae0,Tiphanie,Weems,tweemsov@naver.com
5f08bb16-4507-404e-8168-af8d08b2c6f8,Winslow,Keaysell,wkeaysellow@flickr.com
8b7f39f8-c88c-4ab2-9643-a911af99513b,Vernon,Duggon,vduggonox@xinhuanet.com
b4867278-8f83-4ec0-9d66-cfbe57da893b,Zea,Haines,zhainesoy@dedecms.com
87cd0ba3-3637-4c3f-b0f4-5e731a18f6a8,Waylin,Galletley,wgalletleyoz@barnesandnoble.com
e5ccdf71-70d9-4a88-81de-f59f4d669b55,Alyssa,Tonna,atonnap0@rediff.com
b12a09ab-51de-4a07-b8de-41efae37df2c,Isaiah,Shallcross,ishallcrossrd@edublogs.org
efa7ab8f-11a0-4138-880a-a84302ebbdb5,Giff,Battison,gbattisonre@topsy.com
172cfb2d-13bb-4b9b-9f57-10d96b1684d9,Irina,Keirle,ikeirlep1@qq.com
8720d903-aa00-43c5-a9c4-700d3a47d1f6,Bea,Fonzo,bfonzorf@blogger.com
f4584135-1118-4d10-8c4a-e8941d2450fa,Allene,Girvan,agirvanp2@nasa.gov
9915d7fd-d4ba-4ae6-b210-cb6b9d4bd5ab,Mommy,Ziem,mziemrg@nifty.com
68002d0f-0e04-4055-af3f-672b2485ba24,Carmelle,O' Kelleher,cokelleherp3@rambler.ru
84243cbf-1d5f-414e-ba09-ec8e974e161f,Claribel,Roddick,croddickrh@meetup.com
3eb772ba-b211-47a3-962a-040db675bfd6,Karia,O'Regan,koreganp4@vk.com
9f7cdbb8-9bf8-4183-918f-1bbfca6721e5,Cyndy,Vlasov,cvlasovri@cbc.ca
4668f11e-eb7e-49c0-8bbe-1f1944018fa0,Herc,Liverseege,hliverseegep5@opera.com
b009611e-13d1-48c7-90e0-e93a099995e7,Timmie,Lamers,tlamersp6@surveymonkey.com
0cddef39-c438-430e-96e1-cc841f06c1af,Golda,Ciottoi,gciottoip7@about.com
a309b527-1457-44db-b6f8-f23b80091744,Glenden,Petch,gpetchp8@cyberchimps.com
a2c3e537-9039-410c-a909-b94e1179bb88,Bartolemo,Goublier,bgoublierp9@instagram.com
6137a39c-816c-4aba-a42e-ccbe9c4d745c,Dyna,Giannoni,dgiannonipa@stanford.edu
d298d5da-ca8e-4b28-9b15-7e2b21c75971,Binky,Abbatt,babbattrj@tripadvisor.com
d711b8ad-88c9-4caa-a124-ebf5972a7706,Hillery,Rraundl,hrraundlpb@engadget.com
8d078845-4ba9-412c-a8ed-92e00824f484,Kaycee,Shinefield,kshinefieldrk@is.gd
5b4f20f3-427d-4fb2-b7e2-70bc871c3eaf,Glynda,Bellee,gbelleepc@microsoft.com
f7a958f1-c88b-4f8d-acd6-618194759a71,Alec,Vallentin,avallentinrl@de.vu
027087b2-04f1-4584-9ea9-4fd37b9904a8,Jaime,Aspinal,jaspinalpd@bigcartel.com
001611f0-385f-4891-852b-95f6e61d355a,Jameson,Sterman,jstermanrm@nps.gov
771e7be1-16b7-4fd5-b5ba-1ff23eee0661,Brit,Harman,bharmanpe@devhub.com
e5135784-af95-4679-b40a-d095b84952e0,Jake,Wisbey,jwisbeyrn@vk.com
32477cdd-7390-4c11-9f0d-7e0925540d72,Dorothy,Bernardoni,dbernardonipf@theguardian.com
2aa8d530-047f-449b-b3e8-bff337416fb1,Florella,Labdon,flabdonro@jiathis.com
a559f419-2cbb-4ba4-989a-d91e573d0ceb,Una,Meynell,umeynellpg@plala.or.jp
4ee0b1c2-d71a-4068-a285-2c7337f07959,Ira,Rendbaek,irendbaekrp@fc2.com
a778e3c4-80a3-4dad-a063-6fb66f2640e1,Caty,Hollyer,chollyerph@gnu.org
8ff1b3c3-64a6-4228-bb46-883381f4bc99,Gertruda,Oxterby,goxterbypi@jigsy.com
459ff39b-5c87-4df1-9572-72d903c0f3ee,Minne,Petrussi,mpetrussipj@huffingtonpost.com
c95639f4-a995-4d9d-9008-1b881718e713,Mariquilla,Mainston,mmainstonpk@reuters.com
d01964ba-a2bf-4f45-b37a-f250873ae19f,Nye,Ygoe,nygoepl@sun.com
bcf0255d-aba9-44b2-938c-b909dae7677a,Darill,Gronowe,dgronowerq@facebook.com
cce76fab-faf6-4ab7-ba8c-33d9e998be1c,Guillema,Willmer,gwillmerpm@chicagotribune.com
951dfb82-ac1f-4a0a-8e17-4adee8e1263b,Myrvyn,Kopta,mkoptarr@unicef.org
fbcfd0e1-ca91-4476-8cee-6104bf9cc29b,Natale,Morfield,nmorfieldpn@hhs.gov
8d1b670e-3a69-4cde-8327-0f282fe57dc7,Chester,Sail,csailpo@infoseek.co.jp
1a3d1237-0553-4927-92b9-405d0410cc53,Freeland,Parzis,fparzispp@youtu.be
8a328d0b-badf-4d9b-91ff-efa682ceb05d,Starlene,Legister,slegisterpq@angelfire.com
d2114386-edc9-44c7-a318-fcbb125030bc,Mollie,Laughlin,mlaughlinpr@netvibes.com
8da46971-7709-46d9-8d14-732e3dfa1677,Layla,Beckett,lbeckettps@chron.com
1ca89627-0610-40f1-812e-c330a6ec686d,Anderea,Brawley,abrawleypt@google.it
286563ec-b87c-4d39-bb82-be1585a7551f,Lorne,Vlasyev,lvlasyevpu@globo.com
a21340ac-cf60-4cf3-bcf5-ebabc699df76,Kakalina,Trunby,ktrunbypv@amazon.co.uk
5b8896b5-1a5b-4bf1-abb9-6306dded7b29,Inez,Ashfield,iashfieldpw@bing.com
91fcce2e-eee9-4590-a66f-260f62d7f3dc,Emelyne,Staniforth,estaniforthpx@state.tx.us
ab10fc06-e8c5-4efa-8a3d-6eb6bdc37661,Graehme,McOwan,gmcowanpy@webnode.com
54584b89-23c9-4308-9e13-8cdee931c871,Tammie,Treneman,ttrenemanpz@scientificamerican.com
4fef4c71-905a-4301-a737-873b20b070f7,Phoebe,Wilcox,pwilcoxq0@dailymotion.com
35da7e82-adfd-4446-b27a-d4e311266257,Heath,Itzak,hitzakq1@hugedomains.com
b3a0e7b5-f9e1-4251-acb4-a5c2bff4af87,Jaye,Wythill,jwythillq2@gravatar.com
bd974e1c-c999-487f-b3d5-e00bf7398afc,Michele,Kirwood,mkirwoodq3@rambler.ru
e22f0711-5075-4fc2-a33b-fa0e67660896,Feliks,Rawnsley,frawnsleyq4@biblegateway.com
8aa54456-87c4-4203-bbf9-a60e877d8cb8,Nell,Baggally,nbaggallyq5@google.it
a01e573a-8d9c-4490-8aa9-379e74159b27,Grady,Mulchrone,gmulchroneq6@dagondesign.com
4d2d2d51-8242-485c-ade7-23e56d78c5c3,Barrie,Vlasyuk,bvlasyukq7@wikimedia.org
05cb44b7-9867-43af-9b71-74ad66f6296b,Amandi,Oldershaw,aoldershawq8@ovh.net
ee3d7bc9-956b-43fc-85bc-8690d9f86db2,Chris,Mallindine,cmallindineq9@hugedomains.com
047a6cb8-c35d-4a10-a36b-c485de8e51b1,Tull,Casier,tcasierqa@homestead.com
6abb9839-4f87-4f18-b8d3-51453ac82c73,Stacey,O'Fergus,sofergusqb@g.co
367d8cc0-caf5-4c08-89d5-8af7abf80ec3,Ervin,Palfrey,epalfreyqc@umich.edu
bcb5527d-e6c4-40cd-ae9a-0c545e15ceaa,Joyce,Willshaw,jwillshawqd@cmu.edu
f1c1b63e-d9a8-47da-ac15-b58bf2e64756,Hugo,Constance,hconstanceqe@zimbio.com
44d02bd6-5246-4ec7-8d23-c2844dd1443a,Olvan,Chandler,ochandlerqf@amazon.co.jp
b4a1d0ab-b572-41de-ad4b-7a8846bd142e,Elie,Bulluck,ebulluckqg@youtu.be
7af416e3-48c6-4deb-81f0-655ed39938a9,Kizzie,Ropars,kroparsqh@51.la
2f168807-dab2-43dd-9a62-596e7f899802,Clarisse,Wadman,cwadmanqi@twitpic.com
07d358fb-7ec4-4147-a161-598f2c4d36cf,Carter,Bramwich,cbramwichqj@constantcontact.com
0817663c-d18c-45b7-b853-4d4e6b9e7927,Kat,Le Noir,klenoirqk@harvard.edu
9e1d2049-338e-4e11-b1b5-37d706f38240,Algernon,Heaker,aheakerql@yellowbook.com
d9fd5d5a-54d9-4a34-926b-67cdb2238062,Binky,Douberday,bdouberdayqm@vistaprint.com
384f4436-6461-4c73-8649-902b6d82d0fb,Cleon,McBride,cmcbrideqn@msu.edu
dd936220-6d1b-4e3a-86e0-c2a5013d53b2,Gideon,Eddleston,geddlestonqo@chronoengine.com
ea06a815-5d28-40d6-baf1-f0544b829a0c,Silvia,Bloodworthe,sbloodwortheqp@marketwatch.com
c8c53108-3a66-41fa-ab6a-f03ef04e0e06,Tillie,Martinek,tmartinekqq@behance.net
73394e7b-404d-49f4-a0ee-114a6344ef63,Tan,Bendson,tbendsonqr@comsenz.com
ef38a5c6-d810-4ed2-bb87-655a14f9f928,Ailina,Brundill,abrundillqs@sciencedaily.com
add731ae-a6e6-4698-b2d9-17cdffcaa095,Austine,Buckell,abuckellqt@census.gov
6377dad8-f16a-4fef-8ba0-7b8252b877b9,King,Duchart,kduchartqu@toplist.cz
70638487-f4ff-405d-a8fb-645f000d0abe,Eleanora,De'Vere - Hunt,edeverehuntqv@de.vu
7db695bc-1ee9-4793-9b92-294b8e4c7d9c,Dacia,Mogford,dmogfordqw@amazon.co.jp
cec93f53-7984-438c-8ce1-f3e5f340cfcb,Sibella,Zecchi,szecchiqx@pbs.org
89a80306-b2b0-40eb-ab7d-c51d0e3d1d73,Shandie,Poyser,spoyserqy@cpanel.net
08216636-3f15-4148-8230-8dc1a82cf647,Rowney,Scase,rscaseqz@vimeo.com
3c4d0d84-4ae1-4894-80db-b4a6722660a6,Herc,Maffiotti,hmaffiottir0@globo.com
e06b0cc5-5a0b-4dd9-8325-2bf8b9c69495,Rowan,Ruse,rruser1@japanpost.jp
7d3c064f-3dac-4298-8b2e-65dc783d5a0c,Alon,Farlane,afarlaner2@hao123.com
274cfbd3-43ce-44ee-90b9-8658f0dd7ca7,Dotty,Torns,dtornsr3@shop-pro.jp
faa1ed0d-6ae8-4481-b036-df4d824debce,Ken,Feige,kfeiger4@hp.com
2c5732df-5f3f-45fc-8892-5e10fdcf0a6e,Robinetta,Laurent,rlaurentr5@i2i.jp
5b5cab3a-8ee4-407b-99e7-4a63c2a0e5cf,Cristal,Duigan,cduiganr6@mapy.cz
cb45054e-8754-4f83-963a-bac56cbf3077,Ty,Hartzenberg,thartzenbergr7@biblegateway.com
bbe5ca2a-b5e1-4ff6-a1d6-450bdf41f6ec,Sean,Wagen,swagenr8@abc.net.au
a6632fc7-316b-4ad5-9b2c-977f7a732d54,Delmar,Benoy,dbenoyr9@multiply.com
3f05996b-5c79-429f-aacb-2367255cc495,Crin,Smooth,csmoothra@blogger.com
8e88da67-2e28-4330-bfa2-17c4369c96cf,Riobard,Ricket,rricketrb@va.gov
493ca6a1-b2c7-4c1d-817f-3a0d73f8f24c,Neville,Blowen,nblowenrc@etsy.com
